prefill阶段,专家0,专家1,专家2,专家3,专家4,专家5,专家6,专家7,专家8,专家9,专家10,专家11,专家12,专家13,专家14,专家15,专家16,专家17,专家18,专家19,专家20,专家21,专家22,专家23,专家24,专家25,专家26,专家27,专家28,专家29,专家30,专家31,专家32,专家33,专家34,专家35,专家36,专家37,专家38,专家39,专家40,专家41,专家42,专家43,专家44,专家45,专家46,专家47,专家48,专家49,专家50,专家51,专家52,专家53,专家54,专家55,专家56,专家57,专家58,专家59,专家60,专家61,专家62,专家63,专家64,专家65,专家66,专家67,专家68,专家69,专家70,专家71,专家72,专家73,专家74,专家75,专家76,专家77,专家78,专家79,专家80,专家81,专家82,专家83,专家84,专家85,专家86,专家87,专家88,专家89,专家90,专家91,专家92,专家93,专家94,专家95,专家96,专家97,专家98,专家99,专家100,专家101,专家102,专家103,专家104,专家105,专家106,专家107,专家108,专家109,专家110,专家111,专家112,专家113,专家114,专家115,专家116,专家117,专家118,专家119,专家120,专家121,专家122,专家123,专家124,专家125,专家126,专家127,专家128,专家129,专家130,专家131,专家132,专家133,专家134,专家135,专家136,专家137,专家138,专家139,专家140,专家141,专家142,专家143,专家144,专家145,专家146,专家147,专家148,专家149,专家150,专家151,专家152,专家153,专家154,专家155,专家156,专家157,专家158,专家159,专家160,专家161,专家162,专家163,专家164,专家165,专家166,专家167,专家168,专家169,专家170,专家171,专家172,专家173,专家174,专家175,专家176,专家177,专家178,专家179,专家180,专家181,专家182,专家183,专家184,专家185,专家186,专家187,专家188,专家189,专家190,专家191,专家192,专家193,专家194,专家195,专家196,专家197,专家198,专家199,专家200,专家201,专家202,专家203,专家204,专家205,专家206,专家207,专家208,专家209,专家210,专家211,专家212,专家213,专家214,专家215,专家216,专家217,专家218,专家219,专家220,专家221,专家222,专家223,专家224,专家225,专家226,专家227,专家228,专家229,专家230,专家231,专家232,专家233,专家234,专家235,专家236,专家237,专家238,专家239,专家240,专家241,专家242,专家243,专家244,专家245,专家246,专家247,专家248,专家249,专家250,专家251,专家252,专家253,专家254,专家255
Layer3,5,6,14,12,2,32,5,26,19,12,10,10,12,8,5,20,4,13,14,1,4,4,3,11,9,3,5,12,3,17,13,17,8,24,18,3,6,8,3,2,2,7,10,19,10,13,6,9,7,8,6,16,9,12,2,13,12,9,3,4,13,12,21,17,13,20,9,1,21,11,18,5,8,12,18,6,10,15,19,26,26,29,7,7,14,7,7,6,38,16,12,10,7,21,15,8,14,38,7,14,12,15,11,8,13,11,7,11,7,5,6,10,7,11,11,8,35,9,9,11,12,6,32,18,9,8,18,24,23,6,4,9,9,16,4,8,3,5,18,11,8,7,6,11,6,3,12,20,7,34,7,13,10,17,19,5,8,15,6,3,17,14,4,7,4,2,10,12,3,42,6,14,9,17,6,20,10,7,5,6,1,2,11,4,2,5,12,0,7,4,8,0,19,9,34,26,4,13,29,8,8,25,1,23,15,4,25,5,18,21,13,1,1,8,44,12,9,16,7,12,8,5,13,13,12,2,46,5,1,7,31,6,11,4,13,13,14,8,10,22,11,8,16,19,5,9,18,9,9,24,19,4,7,13,32,25
Layer4,11,6,18,10,4,2,4,6,8,6,18,5,4,5,9,3,21,11,17,10,16,5,20,5,1,12,2,2,17,20,10,8,20,3,5,8,11,21,8,9,27,10,12,15,29,6,14,10,7,8,34,2,3,26,31,8,14,4,13,9,8,24,8,8,19,3,14,4,31,5,10,24,5,8,2,12,8,4,6,4,17,9,3,5,7,10,6,9,13,2,9,10,9,8,7,22,19,12,19,11,25,11,7,25,8,18,5,3,24,8,16,20,4,10,14,18,3,6,20,21,15,13,15,9,20,16,8,18,5,13,16,2,22,17,5,7,10,7,4,25,0,16,17,7,16,10,2,6,13,27,8,6,2,12,7,19,18,1,4,15,3,20,10,14,18,15,8,2,4,15,26,18,25,37,11,4,12,29,11,52,25,4,20,4,7,5,75,18,0,3,14,6,1,16,3,9,9,8,4,9,39,17,4,6,20,6,6,14,14,1,5,7,5,8,21,13,10,5,6,14,5,59,6,2,20,10,23,7,22,18,9,15,4,2,4,6,9,0,11,25,5,11,1,12,9,10,8,4,3,24,6,6,15,8,6,12
Layer5,3,14,6,10,27,11,9,14,11,1,19,9,1,9,30,5,6,25,44,3,4,3,39,13,19,7,30,7,7,20,21,10,3,20,5,4,21,13,6,10,18,16,23,9,11,12,5,19,8,6,15,34,9,16,1,14,12,4,9,13,5,58,2,12,8,4,7,7,23,18,8,10,26,6,24,12,7,11,10,1,17,5,10,12,23,10,28,0,8,5,6,31,6,4,16,4,13,30,10,9,31,5,27,3,4,4,6,8,9,10,5,2,7,35,8,15,16,14,19,8,15,13,11,17,8,9,9,3,5,7,6,9,15,23,11,20,10,6,10,31,12,20,21,25,13,4,31,9,22,12,8,24,11,29,19,5,3,17,3,3,9,12,5,6,15,10,15,14,7,4,8,6,3,9,7,23,4,1,4,14,2,9,6,7,24,7,6,36,17,9,21,8,1,1,18,18,6,4,7,5,13,24,12,1,19,15,5,8,10,3,18,10,5,8,4,9,5,4,42,10,6,33,7,10,3,4,13,8,5,11,10,7,8,5,7,30,8,11,8,7,3,9,0,5,5,6,9,13,5,3,12,8,19,8,6,19
Layer6,13,9,15,16,18,7,12,21,8,7,8,4,12,7,3,6,11,5,22,4,7,11,14,3,4,6,15,9,9,16,6,10,39,20,5,38,20,8,6,3,14,7,15,19,6,32,7,4,3,11,16,22,7,12,8,5,4,8,41,22,7,5,10,7,0,14,4,8,66,5,22,34,4,11,6,23,16,2,20,6,4,33,2,9,34,12,3,31,4,3,1,13,34,10,8,3,15,9,69,5,11,5,14,13,9,4,6,7,27,61,7,10,6,8,13,8,10,3,23,19,4,20,15,24,17,10,26,10,7,6,4,4,12,24,17,8,14,21,29,12,2,6,3,17,10,12,4,5,7,13,8,19,54,5,24,8,4,14,12,9,4,15,12,12,1,37,19,12,0,9,14,7,22,7,20,1,19,12,14,13,3,10,5,5,9,10,4,4,11,7,13,15,3,2,22,7,18,7,18,8,26,19,19,7,8,11,12,8,18,11,9,3,6,6,7,10,10,12,16,8,17,20,9,3,3,5,2,7,3,6,5,13,4,4,3,7,3,3,4,20,8,7,3,1,7,6,9,4,9,2,7,6,16,12,11,6
Layer7,1,15,9,3,15,21,2,6,17,11,13,11,6,4,5,3,10,3,5,8,14,11,8,11,11,11,21,6,22,7,21,3,25,9,41,9,23,18,25,9,1,11,4,16,15,19,6,18,3,49,21,11,16,9,23,6,1,10,29,13,23,8,29,11,9,9,6,33,5,8,12,14,4,31,16,7,18,5,8,12,6,12,2,5,13,0,10,22,3,5,8,19,9,17,6,10,13,9,2,11,5,8,7,5,7,3,23,9,4,7,11,7,4,13,3,13,6,6,12,4,14,1,3,5,4,2,11,32,5,3,3,7,9,3,16,12,7,5,2,7,7,6,4,17,11,25,8,2,8,5,4,9,9,15,11,5,8,11,13,18,3,21,10,22,18,13,13,1,6,13,8,11,5,33,6,7,12,25,7,6,9,18,13,2,5,15,16,10,11,4,16,3,11,9,15,3,74,15,28,12,25,7,17,16,39,9,32,10,14,5,13,24,3,1,39,2,13,15,5,12,11,10,16,15,17,16,17,5,4,11,11,17,14,19,23,5,3,8,8,13,4,6,3,6,8,58,5,21,8,10,13,5,28,18,3,11
Layer8,6,3,20,32,28,10,29,10,41,14,18,7,19,1,11,13,10,10,20,13,5,15,10,21,10,7,24,7,7,9,21,26,9,8,15,12,22,14,9,7,0,4,7,10,2,8,5,7,3,9,6,3,13,1,4,10,8,18,22,10,11,12,37,30,10,16,21,12,9,12,10,6,24,3,4,15,22,8,4,20,7,18,9,12,7,3,9,11,9,15,6,13,8,9,7,5,4,10,3,5,9,4,5,11,12,6,18,39,2,5,16,7,1,18,5,7,14,11,13,10,8,14,13,33,6,9,28,5,4,3,36,1,5,22,9,21,18,13,27,26,17,19,14,1,16,6,8,1,7,7,17,7,8,19,7,13,5,18,6,2,4,12,10,10,13,10,11,10,14,4,6,6,5,1,9,3,3,0,7,12,12,5,5,4,47,6,6,1,10,7,1,6,9,8,2,3,10,1,6,24,13,25,26,9,5,4,8,4,8,7,24,4,6,5,2,18,16,6,16,15,7,8,31,10,1,26,10,43,10,8,12,8,5,16,1,7,8,14,34,4,33,17,17,44,2,9,17,19,14,4,6,2,4,6,22,74
Layer9,20,32,11,9,36,32,4,8,4,11,3,4,10,8,13,1,13,19,16,10,10,19,25,8,3,12,11,6,13,35,3,26,6,4,3,8,12,8,14,11,2,9,2,15,6,4,6,8,13,28,19,15,7,6,11,7,6,17,2,11,7,9,7,8,1,9,4,31,1,18,11,17,6,6,5,0,1,15,12,8,15,5,11,8,7,3,24,6,5,2,18,4,4,8,13,8,10,10,17,4,0,11,2,12,10,12,11,36,3,8,4,3,12,12,8,7,18,7,3,5,3,11,10,3,8,7,20,15,5,10,4,8,4,10,1,14,2,13,11,35,9,11,34,3,14,16,13,4,8,7,12,27,7,5,0,10,11,36,16,12,7,18,8,9,15,5,2,6,13,8,57,7,7,7,6,13,8,6,15,4,13,6,14,4,2,6,32,33,6,12,8,42,34,31,5,65,21,4,2,8,12,13,13,3,32,11,3,0,21,20,14,11,6,2,20,56,3,27,34,6,2,21,2,0,3,8,11,28,8,1,32,7,8,1,7,8,6,3,16,5,16,10,40,12,7,5,10,1,12,4,14,43,15,24,25,11
Layer10,12,39,1,7,45,2,7,10,3,4,13,14,7,22,49,7,5,21,12,6,6,1,1,14,6,5,10,3,8,11,14,7,12,19,19,8,11,37,28,3,1,12,14,3,12,19,5,12,1,12,12,19,8,2,32,7,9,4,5,4,10,5,5,4,10,12,18,12,17,11,18,32,3,11,7,4,30,3,26,5,4,15,12,31,9,11,12,2,29,20,1,27,34,14,13,10,1,2,5,6,27,12,9,10,15,4,6,0,15,4,5,11,4,1,0,3,2,16,11,2,12,5,1,18,9,3,12,2,6,3,3,7,15,5,3,7,23,4,6,15,8,2,5,43,6,8,16,40,13,14,11,12,18,18,14,5,0,5,5,10,4,21,67,5,8,12,3,21,9,20,7,13,59,9,33,9,7,46,18,5,0,1,22,19,14,3,4,10,6,5,18,7,7,3,4,21,0,31,4,7,23,21,6,10,8,4,12,10,38,9,3,17,4,8,10,9,1,2,6,10,5,8,24,1,30,8,21,35,19,17,3,8,6,11,4,3,5,3,16,4,13,15,2,9,24,5,6,35,9,13,7,3,15,5,14,37
Layer11,2,9,8,7,10,10,7,14,7,16,3,12,17,8,33,4,20,2,10,5,19,8,6,26,14,15,10,17,66,4,8,15,26,2,2,7,23,5,22,7,19,6,8,7,5,3,6,5,5,4,27,17,10,14,7,2,7,10,11,2,16,11,5,20,7,4,2,11,18,7,25,4,16,9,32,64,11,45,37,7,48,6,8,10,3,1,8,35,10,16,6,3,14,18,14,6,8,7,19,4,19,10,4,1,4,7,9,5,11,3,3,7,4,11,12,11,4,7,6,18,15,22,29,9,5,9,5,12,8,4,20,5,22,2,8,14,16,12,29,6,12,11,14,17,6,8,6,5,17,19,4,14,20,17,9,6,4,9,7,4,14,9,12,3,15,20,6,9,8,8,7,7,1,30,8,14,27,7,9,44,21,11,21,9,8,3,13,13,2,26,5,0,22,7,5,7,33,3,35,7,8,9,7,34,32,2,18,14,10,1,5,9,11,5,12,16,3,5,7,11,7,2,5,11,5,6,3,8,12,4,16,9,17,16,4,4,5,26,3,19,6,8,19,12,23,1,11,4,5,16,4,5,4,9,10,48
Layer12,13,4,19,5,14,2,6,13,11,3,18,6,10,10,2,1,5,24,2,2,5,11,15,7,19,11,8,10,7,18,32,19,48,28,26,13,3,7,16,2,5,13,6,12,6,29,7,16,6,33,26,16,6,47,2,7,13,11,6,3,45,12,34,10,2,17,10,5,8,4,6,2,2,24,14,21,5,11,19,8,12,2,2,2,13,5,9,7,6,29,17,4,9,7,9,2,16,11,4,1,37,10,13,25,61,10,5,3,6,2,11,15,3,35,28,3,8,11,2,10,1,3,17,6,2,3,3,1,9,4,1,7,3,6,7,11,12,20,25,2,12,8,13,9,12,12,2,5,5,8,4,37,1,2,46,6,7,11,14,5,8,3,24,11,5,9,11,24,4,10,25,5,6,21,13,16,5,3,5,9,15,5,6,46,3,1,10,4,3,3,20,1,8,13,12,22,8,10,30,9,6,42,12,30,11,13,20,3,8,7,6,5,9,12,3,17,3,12,4,6,2,32,26,12,9,4,6,22,22,2,28,6,3,9,18,23,7,28,7,11,5,8,3,11,12,5,26,2,40,9,9,10,2,45,11,7
Layer13,8,1,6,5,9,18,11,11,4,0,9,52,4,12,8,14,6,43,10,3,15,12,9,10,26,2,22,10,7,6,10,62,3,6,18,5,8,1,4,13,17,10,8,7,16,1,36,9,24,6,15,16,10,27,3,31,5,15,5,21,8,3,4,4,27,8,14,7,4,11,20,22,10,10,35,28,2,1,11,10,5,8,4,31,10,35,10,2,5,0,3,4,6,1,2,11,2,9,21,6,5,9,24,10,22,4,7,10,14,14,9,7,2,9,1,5,3,9,4,18,13,12,124,10,6,1,3,11,5,47,14,12,4,6,18,12,24,3,9,14,6,105,15,3,16,6,3,12,8,9,5,56,19,14,1,4,4,22,0,3,17,10,13,11,3,19,7,8,2,8,45,0,10,6,1,85,5,6,6,5,2,10,3,1,5,16,13,4,3,4,9,22,28,9,6,7,13,16,10,16,8,10,13,12,11,1,5,10,2,20,7,8,7,10,2,3,5,5,2,10,38,4,18,7,10,14,2,9,4,11,17,4,8,9,0,2,4,10,19,5,40,18,16,0,5,1,4,10,5,3,22,3,5,7,10,5
Layer14,12,19,32,1,2,11,1,14,15,10,2,16,5,8,3,32,18,2,3,9,3,2,2,12,3,27,5,7,2,7,1,1,22,1,20,16,23,1,0,15,30,20,22,3,4,1,32,9,14,4,14,7,3,1,5,4,17,0,33,6,0,4,2,18,16,11,22,25,18,40,0,6,14,15,8,9,1,9,9,6,24,33,4,18,18,18,12,2,16,21,4,17,7,22,15,7,3,11,51,8,1,17,7,8,11,16,3,2,21,21,18,4,4,26,68,14,9,17,46,22,18,13,7,8,33,12,0,7,4,9,1,13,20,0,4,65,39,12,8,3,3,5,2,6,51,1,7,7,16,1,47,0,3,12,0,5,4,0,3,5,17,3,3,0,4,4,3,5,10,4,1,71,2,7,0,0,6,6,34,5,3,6,6,12,7,8,12,8,22,20,9,3,16,6,10,5,14,0,11,6,3,4,28,8,6,46,47,3,12,18,7,26,7,152,9,7,9,15,9,11,5,12,12,0,3,9,2,7,0,3,12,11,18,3,10,6,4,5,0,20,21,4,30,6,7,5,10,1,4,0,3,3,0,5,1,3
Layer15,6,4,2,7,18,23,3,1,12,24,8,6,5,3,3,0,7,2,9,0,15,10,13,42,6,6,1,5,52,1,8,0,2,6,2,25,1,0,5,15,2,3,48,6,64,5,1,2,14,4,26,38,59,13,7,16,12,0,6,95,1,3,1,7,16,7,5,13,20,20,21,19,2,3,0,30,10,20,0,38,88,3,2,75,145,1,21,4,8,21,3,4,41,13,2,3,32,9,9,3,13,3,1,3,29,5,25,3,11,5,2,12,8,9,8,12,3,6,0,13,13,4,19,0,10,3,18,16,5,1,7,2,3,15,5,9,4,10,7,7,5,30,0,6,5,25,0,2,5,5,1,4,2,2,8,14,2,27,16,20,2,2,5,4,3,1,3,7,2,28,28,7,31,20,0,2,24,9,10,3,2,1,1,33,3,0,19,4,5,16,0,17,12,3,8,1,6,0,6,1,19,8,4,7,4,4,0,3,3,3,9,0,5,30,5,14,0,6,1,5,7,1,0,6,11,10,2,0,3,11,19,1,9,16,7,24,24,4,5,115,6,32,3,18,0,15,35,20,10,2,19,11,67,1,3,2
Layer16,10,4,0,3,14,37,14,3,11,3,23,12,14,11,3,5,3,4,4,31,4,4,1,8,4,3,71,2,5,82,2,12,1,10,25,2,2,0,5,1,28,16,2,3,6,16,6,26,4,3,21,0,14,7,2,41,17,9,0,0,14,13,1,5,10,0,10,21,8,7,7,5,10,3,8,8,9,11,32,5,7,4,0,1,44,73,15,20,5,2,2,13,9,20,10,4,3,3,2,6,50,5,1,22,7,0,41,6,21,3,8,30,0,24,23,10,37,8,4,8,2,24,4,1,5,37,2,11,68,263,24,10,3,17,5,0,0,13,15,2,26,15,18,38,2,4,33,7,2,1,1,10,5,0,7,1,8,8,25,1,5,9,3,3,10,1,14,6,7,9,6,1,7,5,5,4,7,14,1,17,16,16,4,4,2,2,6,1,3,1,1,12,2,1,11,35,18,2,0,1,7,4,5,2,0,1,8,1,0,1,0,8,8,2,19,9,4,0,1,53,6,24,20,3,29,42,6,20,2,7,17,8,7,10,1,9,0,0,11,0,17,11,66,5,3,33,28,4,4,7,15,2,23,4,1,8
Layer17,33,2,16,31,2,2,20,22,3,2,69,8,11,2,15,1,26,8,5,29,26,25,0,4,23,19,15,5,3,4,1,1,1,1,10,7,8,1,19,1,15,13,4,4,5,3,8,13,5,48,7,21,10,11,6,1,1,3,28,9,1,3,5,10,2,17,13,2,11,7,42,11,21,29,1,4,5,8,8,2,25,9,2,22,11,11,21,5,9,17,36,24,7,9,6,19,10,124,11,5,2,2,9,2,1,7,1,1,22,4,10,6,20,2,7,15,4,32,8,1,25,4,3,17,1,11,17,7,22,7,21,31,3,7,5,3,4,2,34,9,3,6,7,4,1,10,0,3,4,13,0,8,16,10,16,15,7,6,22,9,17,4,10,22,7,7,2,9,4,2,8,13,21,7,13,1,19,10,19,9,7,30,15,7,3,4,3,5,0,12,24,2,36,15,11,5,10,25,3,2,3,81,10,6,42,43,16,10,3,47,25,9,17,3,10,82,10,7,6,3,2,18,7,7,11,2,6,6,0,5,17,3,6,10,8,7,3,3,14,21,36,13,20,23,20,4,8,0,3,6,0,3,4,1,1,4
Layer18,6,38,7,14,11,18,9,22,9,41,10,28,11,1,8,7,0,1,28,12,6,2,45,46,16,12,76,2,5,1,3,4,22,4,6,12,13,12,31,3,4,8,25,3,11,11,16,4,12,7,7,6,8,5,11,2,11,1,13,2,2,2,3,1,1,18,13,5,13,3,12,6,5,8,1,6,3,2,6,25,30,2,28,1,8,10,19,1,24,41,5,5,20,0,14,2,6,38,29,0,1,48,1,4,2,2,12,2,4,9,6,2,29,2,11,0,4,8,2,7,7,13,62,17,10,1,0,3,9,9,11,30,11,2,3,4,26,32,5,12,1,59,10,20,2,2,2,24,0,35,4,0,8,0,3,13,7,9,23,20,2,13,2,54,6,5,17,23,4,3,4,17,50,5,5,17,3,8,41,4,8,9,25,10,18,20,0,24,2,4,7,1,13,0,1,8,0,24,18,2,6,12,12,10,7,11,7,1,12,10,4,1,21,17,14,0,7,6,15,8,28,32,16,26,4,47,21,8,10,5,5,2,17,17,3,9,19,7,20,2,18,9,16,13,22,11,8,5,7,1,7,23,17,4,12,7
Layer19,12,1,13,9,59,10,7,49,0,19,19,3,1,23,3,0,8,27,8,13,62,7,13,1,15,21,7,22,31,35,1,15,4,20,9,1,0,2,4,4,3,0,1,6,3,32,4,0,5,2,0,1,29,7,9,7,2,18,77,4,1,3,4,9,8,71,7,17,1,12,1,8,8,9,5,6,0,9,3,4,6,12,2,11,2,10,17,11,5,6,1,2,10,22,5,23,2,2,12,10,16,0,3,8,1,5,18,18,8,4,18,8,4,4,4,7,6,6,0,1,4,5,4,1,0,2,16,27,15,0,12,0,5,13,5,1,1,2,2,0,27,5,23,8,0,0,40,0,5,3,3,8,8,1,4,3,17,3,3,7,28,7,16,45,2,10,2,15,23,4,5,9,216,12,12,2,2,3,0,16,0,5,4,7,154,9,0,23,30,0,9,21,1,2,2,1,24,4,3,14,12,28,3,6,9,71,17,6,0,1,17,3,5,12,1,11,18,8,2,12,28,16,0,29,3,6,1,4,1,5,3,49,7,5,3,5,10,2,1,7,19,49,31,5,30,8,14,25,30,6,5,9,4,12,2,23
Layer20,17,1,12,4,3,24,15,38,1,3,5,4,21,6,2,24,1,46,11,4,13,4,31,9,7,1,14,4,0,3,4,6,5,9,14,4,8,6,4,9,34,2,6,4,20,11,4,11,2,1,0,20,3,1,6,3,22,18,1,2,9,2,5,5,7,5,3,14,24,22,10,3,5,13,21,8,16,11,5,13,25,2,11,35,8,8,13,5,8,7,20,9,5,16,3,5,2,11,5,11,10,2,3,2,1,11,15,4,3,12,36,50,29,14,3,6,28,22,16,81,3,19,2,19,15,4,22,17,4,2,8,23,6,1,12,64,10,22,5,17,1,4,19,10,39,4,7,13,24,1,23,3,5,6,0,3,12,14,7,0,2,0,6,3,14,8,3,3,6,23,1,38,1,2,48,8,6,1,0,56,5,10,6,6,1,9,2,10,8,19,21,11,1,0,17,6,22,5,76,8,4,16,18,9,8,12,6,1,13,0,5,1,2,6,10,16,6,9,34,6,5,2,0,10,19,2,22,17,9,109,2,12,69,5,72,5,22,2,4,12,16,0,4,2,6,3,1,2,6,4,14,9,50,13,1,7
Layer21,4,2,1,1,8,2,3,2,5,22,1,6,1,1,21,9,7,0,3,3,2,4,4,17,19,17,3,40,8,7,12,2,2,23,6,100,37,16,9,6,11,7,16,3,35,67,21,5,25,73,19,16,2,17,1,6,41,24,5,7,6,8,12,14,1,6,2,9,3,24,6,13,35,3,3,15,9,8,18,6,3,3,4,2,6,5,1,3,9,14,7,0,39,8,2,12,7,8,34,1,11,25,9,16,0,1,20,0,3,3,21,1,4,8,1,6,7,11,2,0,3,3,1,3,7,7,1,33,7,4,0,4,4,1,2,3,0,3,37,16,3,1,31,7,4,47,3,1,3,13,12,5,6,20,6,1,2,1,3,5,8,5,11,8,15,0,19,33,3,36,14,7,55,4,32,17,0,10,34,24,4,5,3,0,37,1,4,6,78,33,112,9,34,51,10,51,2,5,5,28,0,2,58,5,11,7,16,2,17,1,9,3,0,9,0,2,8,1,11,0,14,1,14,14,1,22,19,0,1,3,0,6,8,5,4,69,2,2,18,8,19,1,1,30,14,2,8,2,4,4,9,3,8,2,5,22
Layer22,2,1,1,3,0,17,2,6,2,7,1,0,6,18,13,11,9,0,16,10,1,4,36,0,11,0,0,0,0,3,18,2,7,18,1,4,4,18,40,6,17,2,4,2,6,21,105,10,1,16,15,12,17,27,0,29,0,26,5,9,0,1,50,16,37,21,5,14,25,34,5,36,7,19,94,0,4,0,1,1,11,30,2,4,9,18,55,49,4,1,9,50,20,11,5,5,0,10,4,3,13,0,40,4,0,12,3,1,53,1,7,2,1,189,33,19,4,13,6,2,2,10,3,3,11,7,1,3,1,92,14,3,0,0,1,2,4,21,7,4,20,12,0,15,5,4,7,2,5,28,1,1,21,11,14,33,6,1,5,7,7,1,0,5,1,7,0,11,19,8,1,5,6,10,30,6,19,3,12,8,2,16,3,0,60,5,1,35,4,17,10,13,24,3,7,2,0,22,7,5,5,2,5,2,3,3,5,1,2,2,9,17,0,21,5,7,7,8,35,1,2,30,8,10,23,50,1,5,3,8,7,37,2,9,11,0,6,12,4,5,0,24,2,3,3,14,7,44,8,1,5,8,6,4,9,0
Layer23,4,3,0,5,3,10,0,0,8,16,0,21,2,3,5,2,2,3,4,2,3,1,26,0,6,12,5,6,8,7,0,6,9,3,23,10,3,1,6,4,0,2,20,3,16,5,2,7,3,1,24,0,1,11,0,4,0,0,21,7,3,3,10,0,10,1,11,69,130,11,10,1,5,8,11,1,12,53,9,44,22,3,0,2,0,1,3,0,9,13,11,56,10,3,3,59,5,8,2,8,1,9,1,34,5,1,4,4,3,8,5,23,1,3,12,5,1,8,14,3,3,12,7,3,8,1,5,0,11,22,0,0,1,3,8,3,7,2,8,0,4,10,1,0,1,3,0,19,203,3,16,10,4,17,2,6,2,0,2,29,1,7,0,119,20,0,5,0,9,49,18,58,0,7,32,3,1,1,8,0,10,5,12,2,154,6,16,98,14,2,14,11,1,2,0,33,10,0,1,1,2,3,2,6,3,1,4,5,16,4,2,1,34,3,15,12,0,11,3,2,5,0,4,9,35,15,48,20,17,7,0,6,1,17,15,6,3,14,60,19,7,9,33,0,108,15,26,16,22,3,3,8,3,0,12,3
Layer24,10,10,0,3,12,5,3,11,5,4,5,1,16,0,12,31,0,30,2,16,5,17,4,61,20,1,19,1,34,2,4,5,16,6,42,9,9,12,0,9,18,14,1,0,8,20,21,33,5,22,21,6,2,6,33,4,2,234,12,8,0,14,17,1,0,13,4,1,15,2,21,3,80,5,2,2,4,42,1,40,10,41,25,1,50,14,3,0,1,6,2,14,7,0,0,10,2,10,7,11,9,0,0,7,4,7,0,0,6,14,1,5,1,1,4,1,0,5,6,5,4,4,2,1,7,7,0,0,2,11,11,18,6,19,4,6,22,25,2,8,0,6,0,4,1,8,3,2,21,17,27,2,8,45,54,6,26,1,15,64,9,14,2,8,20,20,6,3,6,29,5,7,12,5,21,23,11,1,0,5,5,4,5,2,7,2,2,30,10,15,22,2,2,0,6,0,6,10,19,6,0,6,2,8,31,46,16,1,2,4,2,8,1,0,2,1,4,2,7,8,3,2,2,4,3,16,2,23,34,0,3,7,1,3,0,36,2,5,0,23,34,2,14,73,66,9,8,8,15,0,0,9,10,1,109,0
Layer25,6,2,1,4,5,27,0,10,9,19,22,0,26,0,23,0,0,4,78,9,60,17,2,2,8,0,13,7,10,2,7,1,10,7,1,20,18,1,31,4,2,176,0,20,3,1,12,28,21,26,4,76,47,28,0,35,60,3,4,0,21,6,8,20,2,5,24,23,0,4,9,21,11,6,40,3,6,4,33,1,0,1,39,6,8,15,3,0,2,12,9,9,4,17,92,17,52,2,2,18,5,109,9,7,1,5,0,1,42,0,0,0,0,4,0,15,72,2,2,2,12,12,24,10,44,0,5,7,23,20,17,11,2,4,12,0,2,20,1,2,2,12,24,3,0,0,0,0,0,1,2,3,1,1,0,9,58,4,5,1,0,0,4,0,0,6,7,18,11,1,40,1,40,2,4,23,2,0,7,29,0,3,3,10,3,3,21,2,0,2,0,1,8,28,21,7,7,6,8,10,2,12,8,1,6,65,9,1,8,1,10,20,4,4,6,8,7,21,10,23,9,3,21,1,3,7,16,3,18,5,2,1,0,10,4,0,4,23,1,2,5,9,4,10,3,0,4,2,1,12,13,2,1,22,4,2
Layer26,13,18,5,9,4,27,14,3,5,95,8,29,5,17,62,10,23,2,64,1,1,1,25,29,1,5,8,6,0,30,4,4,7,2,18,9,25,1,0,9,2,0,10,1,17,0,4,8,14,45,0,0,0,21,3,1,26,0,24,1,10,6,13,17,18,24,1,1,22,4,4,4,6,0,19,2,4,56,16,12,14,30,18,8,38,9,15,21,0,0,13,6,0,1,3,28,12,5,56,7,5,4,0,18,33,0,37,0,9,11,0,7,2,0,0,52,2,4,1,33,1,8,9,3,3,0,57,0,11,2,16,0,8,0,7,1,6,5,2,9,1,3,3,3,2,0,9,2,1,0,6,10,8,2,2,4,1,6,11,0,14,7,6,3,14,28,12,2,13,2,18,0,12,6,2,6,21,1,4,10,11,32,9,2,5,2,1,19,4,9,0,0,11,13,11,4,1,4,12,0,21,1,36,7,6,1,75,5,2,18,0,23,7,7,15,10,6,6,55,5,103,32,4,7,40,0,20,13,6,2,24,30,2,21,89,9,0,3,18,26,3,5,25,23,5,2,33,0,2,3,1,31,0,27,0,3
Layer27,12,7,11,3,69,14,1,14,11,3,47,5,12,6,11,0,6,16,22,0,10,0,1,0,2,8,4,0,1,4,18,2,3,13,6,8,8,0,12,4,17,17,1,10,0,149,0,0,6,6,9,10,3,7,6,5,6,1,0,0,7,6,8,10,12,13,15,1,16,14,7,14,18,0,0,3,8,28,1,22,2,10,11,0,3,7,4,8,1,22,1,5,15,6,2,13,0,1,6,2,2,14,1,5,0,1,5,5,3,28,153,12,9,1,14,8,16,0,6,0,14,11,13,5,28,39,73,6,3,6,1,6,3,32,5,17,0,31,19,0,3,0,1,11,1,1,1,25,0,4,11,4,15,13,18,0,4,16,4,5,63,3,1,1,10,4,0,17,29,0,1,5,1,8,12,14,5,0,25,0,20,5,6,1,4,8,0,4,16,17,14,13,0,1,54,4,119,40,16,118,13,0,90,1,0,6,8,9,1,3,4,1,31,21,52,0,1,6,2,5,28,10,13,1,31,19,3,10,1,1,5,12,5,0,5,3,25,25,1,5,6,3,2,3,9,39,26,2,1,4,13,2,48,0,27,6
Layer28,0,0,0,3,1,0,11,0,1,22,10,0,36,3,0,22,9,4,61,18,7,58,16,69,0,8,11,0,82,0,6,29,12,0,14,11,0,18,5,8,2,5,3,3,10,1,11,6,3,4,2,22,5,9,35,9,0,6,4,4,9,11,0,21,14,0,14,68,4,1,1,19,144,3,2,7,0,12,0,6,5,7,3,7,1,3,11,15,2,56,3,1,0,31,9,0,18,4,15,14,6,6,4,5,15,0,7,5,3,8,7,14,18,84,0,4,1,6,1,62,10,2,5,1,14,31,12,5,3,1,0,2,0,15,1,1,10,0,2,3,29,9,2,9,5,18,0,2,11,8,11,16,0,2,7,7,7,25,0,3,4,21,18,5,1,3,8,6,5,6,1,2,11,3,15,3,16,3,3,5,1,1,108,5,16,10,1,3,37,0,5,5,19,12,5,14,4,2,1,7,8,8,1,2,4,0,6,39,11,34,28,0,8,3,0,2,4,4,0,13,0,21,0,0,10,4,2,12,8,14,8,20,47,1,23,3,5,3,2,65,23,3,1,5,56,5,6,115,51,30,18,5,37,5,5,20
Layer29,5,13,12,19,95,11,28,24,25,7,2,49,9,30,1,0,1,25,2,4,0,35,0,5,6,14,3,19,0,0,67,19,9,5,3,12,17,16,0,17,23,64,26,25,3,34,16,5,0,21,6,1,5,6,35,7,11,5,3,14,21,12,57,9,17,38,6,10,4,4,8,6,20,0,13,14,34,2,4,7,5,0,2,12,4,3,2,19,0,8,2,1,49,19,40,27,7,2,22,4,1,4,0,11,4,24,128,2,0,7,5,28,10,4,10,15,26,12,1,6,2,0,6,1,0,1,25,4,1,3,6,0,5,0,0,7,0,15,12,12,10,0,3,15,7,0,2,6,1,0,0,6,6,1,1,8,17,7,19,9,31,1,1,9,5,2,3,10,0,8,0,33,43,12,1,11,12,3,4,6,1,8,68,13,14,15,8,4,13,15,9,4,0,3,0,85,7,32,4,6,2,8,7,7,6,5,9,2,0,7,0,12,5,8,8,0,9,7,3,21,9,4,2,5,3,0,1,7,7,4,28,3,119,7,7,28,9,4,0,11,7,6,15,0,3,3,4,17,26,18,3,39,1,0,7,2
Layer30,0,2,3,36,18,11,0,7,11,1,5,26,4,2,2,4,0,23,22,10,1,13,25,1,23,16,68,0,3,30,1,9,4,3,5,6,1,7,5,0,7,0,4,47,5,3,42,5,2,2,0,57,40,24,0,28,5,31,2,13,4,4,2,4,8,1,6,3,5,0,3,1,20,6,32,14,1,7,4,30,0,16,9,0,22,0,0,9,0,7,5,4,8,1,0,35,3,10,9,2,8,24,12,0,23,1,6,0,10,7,14,3,4,17,2,4,1,1,5,20,7,11,16,2,0,11,5,9,0,2,14,29,1,36,3,6,10,0,11,70,4,5,0,14,12,2,1,19,34,20,4,4,22,2,3,9,57,6,5,0,5,17,37,5,9,31,0,5,9,18,2,0,7,28,36,12,5,19,33,0,2,7,0,37,4,0,12,8,0,1,5,45,1,26,7,29,9,11,22,14,0,2,12,8,0,4,2,0,4,16,8,9,9,0,15,40,4,6,16,13,11,2,1,2,8,2,39,25,4,42,6,8,10,9,2,5,0,19,15,6,1,6,7,1,186,145,11,13,2,11,14,1,0,2,37,1
Layer31,6,2,1,3,8,2,5,2,0,0,3,3,43,24,0,9,0,30,9,6,9,5,3,6,8,7,5,22,26,2,15,11,0,1,20,10,5,1,0,15,10,8,9,17,4,1,6,0,20,2,0,0,22,3,17,17,142,18,0,7,22,18,4,0,1,3,10,25,13,6,2,0,21,15,3,5,0,25,6,5,0,7,1,11,5,13,10,3,10,0,1,15,1,2,14,3,0,0,3,61,9,11,6,51,26,23,4,0,7,21,15,0,1,0,26,4,1,5,2,34,32,1,45,25,7,27,3,3,5,18,58,1,3,13,65,18,4,10,3,14,5,6,2,3,10,6,0,2,40,1,0,0,18,1,18,8,11,3,4,2,3,26,8,2,2,10,1,1,3,3,14,8,17,14,20,6,4,21,21,2,44,0,27,10,1,9,5,24,64,5,3,1,1,1,3,20,114,59,0,22,54,5,3,4,3,60,3,9,2,6,0,39,14,23,2,1,2,2,18,17,20,22,40,12,30,11,0,11,15,1,19,1,7,0,1,15,10,22,22,10,6,4,6,3,0,2,2,15,16,20,5,4,50,1,1,3
Layer32,1,1,12,27,13,1,7,4,26,19,19,8,5,5,1,4,36,11,2,1,4,39,14,5,5,6,20,26,3,0,0,6,4,11,1,6,7,1,5,4,8,5,26,9,0,4,0,4,8,0,10,10,7,0,3,4,0,1,21,2,53,2,1,0,12,2,28,0,2,0,8,1,2,5,0,0,1,3,7,12,63,5,71,4,19,42,6,12,17,1,21,2,13,9,4,1,1,14,15,3,0,4,7,26,3,12,0,2,20,24,7,1,6,2,0,0,3,1,10,0,11,0,0,4,2,2,0,0,33,3,2,3,7,30,1,2,0,63,37,11,2,10,11,22,31,3,14,25,13,0,24,22,44,36,4,1,1,7,6,1,17,5,14,49,2,13,0,0,6,4,6,137,3,2,2,1,19,2,16,0,15,21,1,5,11,25,2,8,1,6,21,3,27,2,8,6,9,14,0,34,6,65,167,5,151,25,2,1,3,12,27,0,2,0,1,5,31,5,10,11,88,11,12,17,19,5,12,12,0,33,2,5,6,46,2,3,0,1,3,0,11,2,0,3,18,6,10,0,9,9,0,3,1,20,3,0
Layer33,10,33,1,2,9,1,10,1,4,2,0,19,2,10,12,18,9,5,11,0,4,99,20,10,40,23,6,0,5,4,4,1,2,3,0,4,1,23,4,17,2,10,16,7,12,4,5,0,16,2,7,20,8,4,10,9,0,0,11,29,14,1,0,2,23,3,5,4,0,19,6,6,1,2,9,59,9,18,7,1,5,9,5,6,7,1,7,9,6,0,6,4,5,26,12,8,1,2,20,17,79,5,22,8,5,44,6,12,4,29,10,7,5,45,14,9,1,4,83,1,10,25,22,5,8,12,3,7,10,15,63,2,31,9,11,11,4,4,51,27,7,9,4,1,9,11,15,10,10,2,0,8,4,13,14,0,9,3,2,26,2,11,2,22,31,13,2,7,0,72,2,0,30,5,3,0,7,0,4,3,28,22,0,15,0,17,15,22,9,3,10,3,6,11,3,5,4,0,8,5,1,13,4,58,0,7,1,0,39,0,5,3,13,44,1,12,51,6,10,12,12,1,8,10,17,4,29,9,0,1,1,4,24,11,9,7,8,103,8,47,26,1,4,4,7,5,5,10,53,11,6,13,1,3,6,12
Layer34,1,3,6,0,7,1,13,0,15,45,77,1,4,3,3,16,4,26,20,2,3,9,5,7,9,16,1,2,36,23,32,16,3,61,16,16,5,2,2,0,0,1,19,117,9,24,3,3,2,2,22,5,10,24,0,14,15,44,3,22,21,5,1,22,2,87,10,1,1,6,2,8,20,5,8,9,26,30,0,6,2,0,16,22,1,3,0,22,8,4,4,24,4,19,1,0,4,2,2,12,10,19,18,11,5,7,3,4,29,15,0,0,18,6,11,16,0,0,0,7,7,0,0,0,5,3,8,3,13,8,0,68,16,7,2,36,10,9,6,26,86,84,0,1,7,13,12,2,1,0,4,8,34,3,2,5,3,18,0,5,0,5,1,9,4,26,12,0,4,1,2,2,0,6,0,0,6,3,0,3,1,20,0,0,0,2,46,26,14,7,6,3,18,2,14,5,23,11,41,28,3,5,6,44,0,0,11,1,2,26,5,8,18,0,0,6,16,57,28,51,3,8,58,14,4,2,0,0,2,19,0,4,4,7,0,79,100,9,5,0,0,4,12,1,4,6,3,6,1,3,0,3,4,15,2,4
Layer35,8,6,1,27,3,5,22,1,4,35,9,11,5,12,3,0,3,0,4,3,0,3,3,22,37,0,4,16,9,5,43,0,34,17,25,31,0,2,12,2,9,0,4,16,6,7,1,35,5,9,1,59,4,8,10,0,6,9,7,5,3,27,2,13,9,34,0,1,8,7,1,4,20,12,7,0,58,9,5,2,3,0,34,19,7,76,4,1,29,3,0,35,74,2,5,4,2,6,18,8,4,13,0,4,6,15,15,0,7,0,8,3,0,19,2,0,1,0,18,4,3,0,4,20,15,6,1,4,55,2,5,0,79,14,17,8,9,12,4,3,6,6,26,12,30,8,16,0,15,6,18,4,1,176,7,13,11,3,8,3,19,8,10,39,14,37,4,10,1,5,22,3,19,5,10,19,13,1,24,8,34,21,6,19,0,11,0,5,19,41,6,23,2,0,6,1,10,3,9,1,18,0,16,4,11,4,6,2,2,4,5,0,17,8,11,43,5,3,3,5,23,4,5,32,2,24,2,10,5,11,9,1,2,5,63,20,21,4,2,4,1,19,7,31,41,4,5,0,4,1,0,19,5,11,7,0
Layer36,27,0,11,6,8,18,14,0,0,3,24,9,12,3,0,12,3,23,13,2,4,8,11,133,5,11,0,7,1,14,3,1,50,5,5,5,2,18,36,23,9,118,10,0,18,5,16,24,28,30,0,14,24,61,1,16,25,1,3,30,6,8,6,3,31,38,11,4,3,41,4,3,19,2,6,4,5,8,20,0,0,22,0,4,1,3,0,8,57,5,6,12,19,10,5,7,4,22,2,3,4,4,11,9,12,10,0,0,22,2,6,3,3,1,16,3,1,6,18,2,11,15,7,34,13,1,3,3,2,23,7,1,4,5,10,17,3,6,6,10,0,5,72,10,5,3,10,14,5,22,38,19,9,16,1,9,11,8,1,17,0,1,2,6,5,25,0,10,37,6,7,20,10,2,42,8,9,3,12,1,3,4,1,5,12,4,6,5,1,5,3,5,1,18,3,2,2,44,11,9,5,1,3,23,40,9,1,1,7,58,8,42,2,7,8,8,10,11,3,3,9,0,4,1,1,9,33,15,4,1,21,5,3,0,1,0,10,4,6,47,11,9,3,156,8,11,2,1,1,11,4,2,16,1,1,13
Layer37,4,11,53,0,114,4,31,5,29,29,5,18,10,4,4,10,23,4,0,5,21,0,2,18,2,2,16,2,4,4,26,23,8,0,1,5,10,6,0,4,14,0,4,4,19,1,8,0,20,1,7,3,2,4,0,6,2,7,1,9,0,21,10,6,39,0,12,18,0,159,7,7,9,7,11,21,27,23,27,6,3,23,14,9,5,17,1,1,2,1,0,66,3,6,0,4,3,3,4,8,3,5,12,7,47,13,9,3,5,5,5,32,15,19,15,9,21,1,7,6,1,15,0,2,18,3,1,9,7,0,7,1,1,3,13,6,1,2,1,127,20,12,0,26,0,16,16,2,3,1,16,3,4,49,0,4,7,7,0,16,0,2,11,7,7,3,18,1,3,20,6,5,0,5,7,8,10,6,4,38,9,1,9,17,7,2,5,24,11,20,0,2,9,7,3,51,22,31,123,5,20,8,8,8,6,20,17,19,1,45,2,1,8,0,9,1,8,19,16,25,34,0,24,8,4,0,2,34,0,5,9,1,4,7,8,0,42,8,2,3,15,25,5,6,2,6,2,2,8,3,7,3,34,5,8,31
Layer38,9,4,2,1,5,6,8,3,5,2,29,10,10,1,16,1,7,6,4,6,7,10,20,0,11,7,3,19,10,113,21,21,0,6,8,2,2,0,1,3,2,18,58,38,5,21,1,18,7,13,5,4,2,11,7,6,4,3,2,2,2,2,20,3,10,27,2,1,18,9,0,14,6,5,5,7,8,21,0,2,6,0,0,8,12,15,17,18,4,19,20,5,0,26,3,2,103,11,12,60,4,42,7,6,6,14,0,16,14,12,43,11,58,1,3,1,9,252,66,18,1,20,8,6,8,29,9,4,2,4,3,10,7,2,1,16,23,21,2,4,0,0,19,1,9,28,2,0,1,17,8,6,4,1,1,2,9,13,60,28,15,7,30,8,0,10,91,2,14,0,2,1,36,8,36,2,13,40,5,2,2,1,14,0,25,15,4,8,1,9,7,21,6,0,10,5,1,43,10,3,9,8,8,11,16,0,4,5,0,4,3,1,11,0,0,0,1,4,0,4,7,0,0,1,7,4,10,16,2,3,0,13,21,55,12,0,0,27,6,4,4,2,1,12,9,2,6,0,3,15,3,5,20,12,0,9
Layer39,3,3,1,5,25,29,28,1,25,0,7,1,5,0,6,26,9,1,5,6,4,54,11,4,0,10,12,1,4,1,4,5,13,13,2,2,3,2,5,6,0,3,1,0,8,3,27,35,24,2,4,5,10,20,14,20,0,0,1,28,5,18,3,4,3,8,9,1,109,4,0,5,4,10,0,0,20,1,9,7,0,12,8,1,0,5,5,3,15,9,11,7,9,2,8,41,28,12,9,7,3,4,4,44,1,13,1,4,1,5,4,8,8,7,0,0,8,0,17,5,13,4,2,5,9,18,55,4,0,10,29,3,15,21,14,36,63,24,35,30,10,6,14,33,57,55,21,0,1,11,1,14,1,1,5,59,18,14,0,3,3,6,6,13,11,3,3,0,0,9,21,19,3,3,0,22,14,7,4,10,5,1,134,8,11,28,24,0,55,5,5,0,2,10,13,1,4,2,46,8,4,9,1,11,16,5,6,28,1,0,51,2,75,28,3,16,3,3,4,2,3,1,10,4,2,51,8,1,6,12,22,4,2,30,17,25,10,4,7,3,7,0,4,6,1,7,14,0,10,10,49,26,2,17,3,13
Layer40,0,9,11,60,16,7,95,16,19,1,11,36,8,5,4,16,4,0,3,10,95,3,4,18,0,20,0,34,2,31,6,2,23,6,9,13,8,8,26,22,5,6,6,8,21,7,2,16,7,3,10,2,0,5,7,7,11,28,2,7,3,72,10,9,1,8,2,6,2,3,8,16,2,8,8,36,8,4,4,9,4,16,25,66,27,3,2,4,1,14,1,16,7,3,3,4,3,16,140,9,3,10,25,12,6,12,20,2,14,7,1,4,9,6,36,0,4,3,7,118,6,2,1,23,3,11,9,7,65,16,0,0,0,3,17,10,9,8,6,7,9,17,3,5,13,1,2,17,10,5,25,15,0,2,16,10,9,5,4,1,0,4,5,0,1,13,0,1,2,27,0,14,1,17,8,0,9,0,3,4,30,8,3,23,15,1,11,21,22,1,19,1,20,0,0,3,1,0,1,16,2,1,0,5,46,3,0,21,6,23,3,7,2,12,10,3,13,11,7,8,5,1,1,8,0,7,10,32,1,7,2,34,0,5,2,1,145,7,9,17,3,12,3,2,7,3,18,19,7,26,5,9,6,8,1,2
Layer41,27,2,4,1,7,0,0,21,2,8,46,4,0,20,6,8,8,5,9,81,4,0,7,9,0,22,20,9,9,16,2,1,32,3,8,17,6,2,3,4,12,2,3,27,16,3,5,2,3,8,21,11,0,20,4,1,16,7,1,1,0,4,6,3,2,16,3,4,15,0,13,13,2,4,19,19,9,7,2,9,1,13,16,43,64,0,2,16,9,7,3,5,17,4,3,7,10,5,5,31,18,111,35,38,28,24,2,30,1,8,11,6,21,8,2,8,12,13,1,5,8,2,12,13,0,16,13,13,12,2,3,4,5,4,3,1,2,6,1,5,0,2,1,8,4,6,25,2,1,6,4,7,1,9,3,4,5,1,3,16,2,80,11,1,3,3,18,23,15,80,8,35,11,2,21,7,21,1,3,42,2,1,54,41,104,9,1,7,2,1,58,5,1,18,7,0,5,3,2,7,1,2,0,0,20,3,5,0,33,13,4,5,15,6,8,22,1,14,2,0,0,6,9,0,3,2,10,10,133,9,4,0,22,1,6,40,12,1,4,3,1,10,9,0,5,6,0,6,7,19,99,12,15,25,7,1
Layer42,1,34,13,10,4,29,1,6,2,3,2,10,14,31,20,10,14,3,0,47,4,3,25,1,13,35,0,2,50,80,29,6,4,10,17,66,13,1,25,2,4,6,40,2,17,30,9,50,3,24,23,27,15,4,13,47,29,4,5,39,27,2,14,0,6,59,37,21,3,2,0,0,3,6,18,3,2,18,21,4,9,0,11,2,10,7,4,18,2,1,10,0,8,4,7,9,11,2,18,11,3,16,1,16,10,14,5,1,3,3,4,12,3,2,5,3,3,11,0,4,26,9,3,14,18,5,3,23,33,2,11,3,1,2,4,1,11,3,18,3,1,7,22,0,22,23,0,3,1,115,25,3,15,9,1,2,0,34,15,8,0,11,10,0,0,5,8,0,9,4,1,1,17,1,8,5,0,2,2,3,3,8,16,24,5,6,12,7,0,14,3,0,6,0,24,4,0,1,5,6,1,15,26,63,16,3,3,3,4,10,14,3,0,2,6,2,9,7,6,0,0,2,4,2,16,0,6,5,2,17,14,3,11,6,194,4,4,4,4,9,3,5,19,1,4,32,6,3,1,24,17,1,7,64,23,8
Layer43,0,7,15,37,6,2,6,7,0,0,15,4,4,9,2,8,24,22,1,12,53,23,32,3,13,1,19,5,37,32,29,0,5,0,1,1,4,8,1,14,27,30,6,2,3,2,4,8,1,11,1,11,2,2,5,2,2,6,14,17,3,23,2,0,4,2,5,6,26,2,13,2,0,3,3,4,2,1,20,3,0,0,1,13,4,1,0,2,36,0,1,8,28,2,7,5,11,3,18,13,5,1,5,2,15,3,6,4,8,2,0,10,3,0,0,2,12,6,5,6,17,17,0,5,9,3,5,3,22,2,47,56,0,2,5,2,3,12,111,5,16,19,58,14,170,1,2,57,3,11,12,8,12,6,1,5,5,37,4,25,8,20,12,8,15,11,38,0,0,14,3,13,28,7,20,13,46,32,16,23,4,47,0,2,33,16,4,10,95,11,6,55,6,76,3,2,18,2,2,9,0,11,1,30,0,38,7,41,6,16,2,2,6,6,4,6,1,10,24,1,0,1,1,18,9,21,5,16,4,7,13,24,5,11,4,4,6,2,13,2,0,20,0,2,6,2,10,0,0,28,7,10,1,8,4,2
Layer44,3,6,7,8,1,2,0,7,2,2,7,8,15,4,12,3,2,3,3,59,42,46,0,151,0,7,67,1,3,30,38,6,3,4,7,2,23,15,24,13,8,3,8,3,5,3,7,8,25,3,1,0,1,13,4,5,9,1,5,4,3,54,27,5,20,0,0,24,5,11,24,0,2,5,9,9,1,2,7,24,2,47,18,8,3,1,0,19,22,19,21,15,2,11,11,3,5,5,5,8,6,20,10,62,28,5,2,2,3,3,2,1,26,19,11,5,1,3,8,7,6,8,2,8,0,2,14,1,32,16,5,31,4,17,9,16,3,4,3,2,8,1,43,3,0,11,7,4,67,2,1,19,21,2,0,7,0,22,3,0,0,11,7,28,53,26,4,5,32,1,6,2,2,6,8,16,68,11,32,0,28,5,22,13,19,52,12,3,20,6,37,0,18,7,4,4,5,10,20,14,0,61,14,3,5,4,2,4,21,11,2,6,8,7,7,0,0,29,5,13,18,21,10,8,13,1,11,18,8,3,1,9,53,24,18,18,2,0,0,1,4,0,0,1,4,0,5,6,12,12,10,3,2,6,3,27
Layer45,60,1,4,31,3,2,38,4,1,0,4,2,26,15,4,3,7,7,1,2,2,6,0,4,0,0,5,1,3,11,7,1,17,8,1,3,11,4,5,19,7,4,1,3,3,4,7,4,7,0,2,19,3,4,31,1,9,31,0,3,9,3,1,9,5,1,53,0,11,4,10,10,4,5,8,4,21,4,5,1,2,15,81,3,0,6,13,0,4,0,11,2,3,23,11,16,3,0,7,27,68,4,3,7,3,19,10,2,7,1,2,3,3,19,35,1,6,1,35,9,4,2,2,6,14,12,2,7,13,6,34,41,1,1,153,7,39,11,17,7,2,26,1,5,3,77,9,20,38,14,20,3,6,3,62,2,60,1,7,6,5,2,2,3,2,15,24,2,1,8,12,3,13,84,2,3,5,6,15,10,1,1,86,1,0,0,33,3,20,20,0,12,26,8,8,4,22,2,16,1,5,26,7,17,0,3,10,34,35,1,0,7,3,8,19,28,3,9,8,5,3,5,4,12,3,4,6,3,22,63,2,3,20,13,0,9,10,8,45,90,5,4,1,3,2,3,24,1,4,12,11,4,6,2,23,6
Layer46,3,21,29,4,7,2,9,11,3,3,24,9,23,7,9,9,29,15,0,3,2,8,18,7,101,7,2,57,28,0,6,6,3,6,3,54,15,14,9,18,48,1,2,68,6,2,5,2,6,8,2,2,2,13,0,1,17,13,47,4,1,0,1,45,5,1,22,1,1,7,10,35,41,2,20,8,2,19,15,0,2,0,11,7,11,0,6,10,15,0,3,6,26,43,12,11,25,2,3,7,4,1,3,2,1,21,12,9,2,14,14,0,6,8,3,15,6,33,9,10,17,9,23,14,0,22,0,10,2,33,0,4,1,12,1,6,1,9,24,6,6,1,24,22,1,6,31,1,5,7,10,8,18,44,7,7,28,0,0,39,14,29,1,15,9,55,9,2,1,40,4,1,3,7,8,5,38,18,111,7,21,27,3,9,5,2,0,5,5,4,23,1,7,29,5,1,0,8,12,41,5,0,7,7,5,3,10,3,11,2,1,7,2,3,4,0,25,4,54,7,10,20,1,0,2,82,5,2,5,4,14,8,5,9,7,1,1,16,23,6,0,1,3,13,3,2,7,1,6,4,6,1,36,4,9,25
Layer47,1,14,29,1,73,19,2,53,15,2,9,14,7,14,3,1,3,3,8,2,26,8,8,5,8,3,1,8,118,0,123,8,16,1,1,63,13,5,12,15,17,24,5,11,2,1,7,6,3,2,2,3,0,5,5,5,2,16,10,3,17,6,4,3,19,1,4,45,3,2,6,22,5,0,25,4,3,3,49,11,6,3,6,5,5,4,78,5,1,7,0,2,0,79,5,2,4,1,2,11,15,25,5,18,0,2,2,2,11,3,1,3,0,35,56,19,4,47,0,19,4,29,4,1,8,4,3,1,5,10,21,4,20,2,19,46,7,5,1,8,9,6,10,7,0,3,25,2,16,0,2,11,11,4,36,4,21,3,24,4,9,2,0,3,2,10,20,18,2,5,10,0,20,29,5,7,69,16,5,4,2,46,3,5,6,6,1,18,4,0,14,13,36,1,22,0,1,42,15,3,23,5,48,2,2,7,0,0,20,23,0,11,3,4,7,35,3,2,19,1,2,8,10,14,2,7,9,1,1,5,3,10,7,12,3,5,11,6,0,2,9,0,10,5,10,1,37,2,0,10,16,4,32,67,5,4
Layer48,24,12,3,6,6,13,2,7,28,2,13,5,3,1,0,2,11,34,19,9,6,0,2,1,1,4,2,4,58,1,6,21,23,16,9,7,2,15,74,4,3,15,4,34,15,113,0,3,6,1,18,3,0,12,1,0,1,17,16,0,0,10,0,8,68,9,31,10,1,10,39,1,5,15,1,0,19,11,11,11,34,3,14,3,8,13,23,3,1,5,5,3,7,7,3,8,76,4,3,3,3,13,0,10,34,85,31,6,59,4,71,47,19,0,6,22,0,23,19,14,5,16,15,4,27,19,24,53,2,13,63,4,19,0,1,3,11,18,0,7,5,51,8,1,3,2,1,5,0,2,2,3,21,0,2,1,1,7,1,1,4,18,41,0,0,0,11,3,2,1,5,6,10,3,4,2,5,0,5,5,0,10,5,6,3,1,5,7,0,5,2,13,43,15,3,8,0,14,3,0,1,0,4,2,41,44,2,48,3,20,14,13,13,1,15,7,5,23,29,4,0,1,4,15,42,2,6,27,1,3,1,3,1,3,5,2,2,5,11,4,2,5,4,70,51,16,12,10,1,4,2,3,2,16,0,4
Layer49,1,0,4,36,2,6,86,0,9,4,5,22,1,20,35,18,30,10,2,5,0,5,6,8,1,8,2,21,1,4,9,1,1,52,11,2,21,4,10,5,13,9,4,10,1,28,0,44,1,2,5,36,47,9,4,2,2,5,19,1,1,7,13,4,18,2,2,0,0,9,7,1,0,4,3,7,10,3,6,22,3,9,22,22,21,2,1,4,0,5,2,3,31,0,6,2,1,2,10,9,11,3,25,24,5,5,0,12,17,2,11,6,11,0,2,0,0,6,4,9,17,5,2,1,3,3,6,15,12,0,2,3,2,9,8,4,7,14,23,3,7,20,7,10,11,1,18,4,49,3,29,1,3,0,12,0,6,6,1,2,5,2,16,48,10,12,41,20,3,23,5,12,5,9,2,7,16,3,2,0,4,4,25,3,31,0,3,27,4,5,1,3,25,32,1,10,6,9,4,8,1,5,7,13,13,1,0,8,7,3,1,7,24,22,6,0,14,7,21,32,11,8,1,40,9,7,24,58,8,70,3,10,5,50,10,85,0,77,2,9,7,10,2,22,3,5,8,0,9,169,5,112,24,2,17,2
Layer50,1,0,16,10,5,1,3,10,2,4,2,2,10,12,5,7,1,5,1,1,2,9,10,27,3,10,4,0,0,23,3,93,5,3,3,1,4,49,4,4,0,10,7,16,10,3,5,7,12,2,1,2,6,2,4,4,41,11,6,3,6,0,6,3,5,1,29,4,1,13,1,4,4,5,16,8,10,15,10,1,7,6,2,12,4,46,6,2,18,18,1,22,5,0,7,0,15,2,15,9,16,57,5,13,20,14,1,4,3,8,8,6,65,1,11,3,5,2,7,7,77,9,1,6,35,30,63,5,11,6,0,15,16,11,3,10,26,0,6,9,23,5,7,35,37,5,27,4,1,5,1,1,5,4,20,3,49,11,1,3,6,12,2,3,76,26,3,22,4,3,6,1,2,15,3,15,12,0,22,9,1,3,3,25,16,2,17,128,6,2,5,5,19,12,43,19,9,33,5,12,4,5,3,4,0,0,5,1,9,12,30,3,36,6,0,3,0,40,9,0,42,3,4,15,1,17,6,4,3,2,34,30,12,8,27,17,59,9,5,3,16,0,2,26,6,2,28,8,1,24,1,24,8,69,7,0
Layer51,14,21,10,9,1,5,13,3,30,45,12,5,7,2,15,4,3,35,0,4,3,137,7,7,10,17,18,85,9,27,0,15,15,0,0,24,14,4,4,1,13,1,2,57,1,2,9,7,46,7,4,3,6,5,19,4,7,4,28,4,1,10,0,5,1,1,4,9,0,18,20,21,15,2,14,0,5,26,12,35,0,7,2,9,0,1,37,2,7,8,5,1,13,0,2,8,16,8,3,17,1,3,12,20,5,2,3,1,2,20,4,10,1,7,36,8,5,10,8,9,25,3,1,4,3,0,0,0,5,9,1,0,3,14,11,3,1,8,16,12,12,65,2,15,43,0,12,4,14,7,0,11,1,11,1,14,0,10,10,0,11,6,14,3,6,1,2,1,17,1,9,6,6,9,30,80,47,4,90,10,19,5,30,3,0,35,60,0,4,1,18,35,21,18,1,22,6,3,1,3,20,8,13,11,4,5,17,4,7,15,30,57,24,5,3,2,15,9,3,10,4,9,58,22,21,3,2,3,1,6,18,31,1,22,2,4,2,2,11,40,0,3,6,2,3,0,8,8,7,5,6,11,8,7,3,22
Layer52,1,9,30,6,36,3,16,30,1,0,9,13,58,17,17,23,1,27,7,17,4,0,0,5,8,7,4,2,2,12,4,5,7,9,132,2,0,4,26,4,22,2,2,0,25,9,4,4,7,2,102,18,3,31,12,8,9,4,30,6,26,1,14,4,14,1,3,3,4,0,74,94,20,4,12,13,0,4,46,1,6,13,4,41,2,4,10,0,17,11,6,6,6,2,1,52,2,25,6,2,2,6,1,5,21,2,3,6,6,18,5,5,4,2,2,10,7,3,1,21,1,16,1,3,2,4,1,3,7,2,8,5,6,6,3,4,3,6,1,27,26,4,2,24,3,11,20,5,25,4,1,3,23,20,11,5,3,0,9,34,3,20,4,13,13,6,0,13,11,1,2,14,3,90,16,3,0,3,1,4,23,7,14,2,16,19,27,1,8,10,18,2,12,1,1,2,7,14,1,1,24,7,0,5,18,44,1,14,3,3,0,3,14,12,6,5,4,2,0,3,3,3,1,2,2,0,23,3,6,7,51,5,2,24,21,0,20,6,10,4,102,7,75,25,14,1,9,10,3,15,4,2,4,10,37,19
Layer53,4,1,2,30,31,6,4,0,7,2,19,1,3,6,83,4,49,16,27,6,0,1,0,2,42,31,1,37,6,0,4,24,25,0,92,3,7,1,6,15,34,1,1,1,9,2,3,7,4,1,50,3,4,1,6,5,5,4,5,6,2,0,40,2,6,46,3,1,4,0,3,7,11,3,0,10,6,2,14,14,16,2,2,2,5,6,3,5,19,8,4,7,2,1,17,2,17,12,1,0,1,6,21,25,0,13,12,16,27,7,4,19,20,84,8,0,13,23,64,1,3,3,3,5,11,0,0,4,6,10,1,1,39,0,6,22,2,13,18,3,5,1,14,7,5,9,8,1,2,0,7,4,9,15,7,2,54,14,1,6,0,7,21,16,10,0,7,12,4,0,9,1,4,30,46,3,5,17,4,2,14,5,12,3,26,19,0,33,2,3,6,0,2,20,11,32,2,5,25,5,1,19,5,0,1,11,35,2,11,13,0,38,0,2,1,0,3,10,22,24,2,0,11,6,33,41,0,7,8,7,10,10,33,15,2,19,6,4,110,3,11,23,11,3,8,16,4,16,4,12,2,39,97,11,34,9
Layer54,6,10,23,3,2,2,19,35,53,2,12,23,39,21,3,3,6,9,9,2,14,3,1,3,40,19,0,11,1,5,1,1,2,2,4,4,2,24,12,3,2,2,2,12,3,1,4,4,1,6,5,0,4,7,1,2,11,6,2,2,1,11,23,13,87,5,69,1,3,4,8,20,3,15,9,1,1,4,3,6,1,4,2,14,3,3,3,4,15,6,3,18,1,16,56,1,18,11,88,3,5,2,2,5,13,5,6,4,23,28,41,43,4,28,7,11,41,0,12,51,22,1,28,20,2,21,29,4,25,49,24,37,8,13,37,10,19,4,7,24,14,123,8,9,4,22,10,0,64,15,10,2,5,9,1,1,0,31,7,6,3,2,104,4,58,10,4,3,8,2,5,4,0,1,2,7,12,4,0,21,9,9,1,6,2,3,3,8,1,11,4,3,10,2,2,8,13,5,9,4,3,9,6,14,0,1,4,4,3,1,1,1,31,21,4,12,9,4,1,5,1,21,2,2,15,10,5,31,5,6,67,9,0,14,8,4,6,14,3,3,7,12,10,1,3,6,22,12,6,15,3,2,2,16,5,15
Layer55,4,15,21,10,18,7,4,5,0,39,17,2,2,0,1,19,111,0,40,30,10,4,7,4,29,3,22,8,5,16,9,31,7,10,10,3,0,4,8,33,10,5,11,3,0,5,12,25,1,0,2,4,4,1,16,2,6,6,5,1,5,4,0,0,2,12,15,24,1,17,34,49,1,4,4,36,6,3,7,7,67,1,9,65,3,5,8,7,9,4,7,1,3,11,4,1,14,108,0,5,3,56,3,3,3,4,6,9,9,15,9,40,44,4,139,28,24,15,57,14,11,9,0,4,40,72,7,2,4,4,1,0,29,47,4,4,3,2,15,0,3,0,17,11,38,22,21,4,1,18,12,3,4,3,0,7,3,4,10,6,1,12,108,4,5,54,9,13,8,21,4,6,0,5,1,0,6,10,6,0,2,75,7,0,19,7,0,2,1,1,2,3,2,0,5,2,13,0,16,110,2,9,1,1,4,6,0,1,1,25,5,4,5,0,11,1,9,14,4,2,1,4,24,2,1,1,0,1,0,4,5,2,6,1,1,3,0,1,3,3,43,0,10,2,11,11,0,6,2,2,4,0,1,6,0,2
Layer56,36,19,5,16,19,4,25,12,9,1,2,13,11,8,5,45,6,4,18,10,38,2,1,13,0,10,126,18,5,1,0,6,0,3,1,31,2,2,3,13,8,4,138,19,20,7,11,25,10,0,2,4,4,1,10,2,0,9,0,1,71,2,20,2,17,6,1,13,1,3,1,14,22,5,1,75,5,8,8,30,18,23,4,4,3,16,3,2,3,1,5,3,9,3,1,0,1,5,0,11,1,2,7,4,7,0,4,26,29,14,16,1,2,0,21,11,3,5,6,1,50,7,0,10,1,1,11,1,0,5,33,23,2,23,6,14,9,3,2,73,13,0,6,18,18,5,2,9,6,1,3,4,5,14,0,30,19,52,35,5,13,1,1,10,4,11,1,7,1,5,0,39,2,4,11,47,20,9,53,4,15,7,16,14,2,13,2,14,4,0,97,3,0,3,20,8,20,7,12,16,6,5,3,17,4,1,4,3,4,6,7,2,9,2,9,2,1,17,0,35,8,1,1,7,18,50,8,6,6,7,7,5,9,4,1,4,0,18,5,22,46,4,5,0,0,20,5,0,25,9,0,0,40,12,59,6
Layer57,6,39,1,0,7,4,8,2,3,110,23,10,5,0,4,0,3,112,26,1,6,76,86,45,4,4,1,31,30,20,2,1,3,20,9,45,0,26,4,35,3,1,7,21,2,12,29,1,14,1,17,15,3,4,6,3,4,1,20,13,4,0,11,2,2,1,0,3,1,10,7,3,24,1,14,5,3,5,17,6,3,1,4,0,2,16,17,7,4,9,3,3,4,21,1,1,57,18,4,25,21,5,4,0,8,25,1,5,0,7,6,9,99,15,0,1,12,3,11,18,0,100,20,8,82,19,66,5,0,27,18,4,4,5,5,0,0,1,1,4,3,33,10,17,1,10,28,10,0,24,11,15,15,2,6,48,3,9,3,7,48,4,0,8,9,34,0,3,1,1,10,15,15,2,26,4,14,3,3,8,0,2,17,16,4,5,3,3,9,1,11,16,1,3,0,0,4,4,21,11,13,5,16,0,3,0,3,9,7,3,1,8,20,0,18,3,15,0,10,7,31,2,16,15,0,7,1,11,5,14,7,2,4,7,6,5,1,2,6,0,6,7,14,11,1,19,6,2,24,8,17,11,9,1,45,3
Layer58,20,4,7,33,4,10,0,0,2,6,4,6,7,10,17,24,12,4,10,3,0,31,14,11,24,2,17,4,5,9,36,76,0,4,3,2,2,1,8,15,16,4,4,0,6,11,4,4,5,19,5,6,7,19,9,1,13,6,2,1,1,2,0,69,8,7,6,4,4,25,7,11,9,7,3,11,2,4,0,2,8,1,48,9,4,26,3,39,2,1,8,21,2,1,1,9,2,14,6,2,46,1,1,12,1,14,6,18,0,13,3,29,9,3,0,6,37,3,8,17,7,1,2,22,2,2,21,44,25,2,5,10,38,17,4,102,0,68,13,52,21,7,20,29,6,3,24,16,18,107,11,3,14,28,7,7,5,0,16,32,0,3,9,16,5,3,12,32,15,4,1,15,2,1,3,5,26,11,15,1,5,12,3,0,20,2,1,2,13,5,14,2,7,3,6,13,13,20,7,5,25,9,4,5,7,12,2,1,9,2,11,21,7,5,9,0,19,4,9,22,5,4,0,1,10,37,19,2,8,7,5,2,1,2,17,1,4,26,7,1,6,81,7,14,0,3,0,10,8,3,16,66,24,29,3,28
Layer59,1,6,0,16,8,74,3,11,3,28,28,39,16,7,66,20,9,10,2,10,11,2,23,5,1,0,6,0,15,2,4,34,5,83,8,3,4,17,0,1,0,3,20,9,2,1,1,10,0,2,11,0,0,0,5,4,9,9,6,76,2,8,8,1,2,3,1,13,14,8,4,1,4,12,26,3,11,1,0,0,0,20,1,3,3,30,4,18,23,5,29,5,11,1,13,10,16,21,32,21,2,60,66,7,15,4,2,2,32,5,28,5,22,17,12,7,5,12,1,15,8,40,94,6,1,5,52,48,7,15,4,7,4,21,7,5,9,2,8,10,12,6,7,10,2,7,10,16,9,2,27,2,2,12,13,11,21,7,7,5,2,2,21,44,10,4,8,5,0,1,5,3,12,11,3,15,3,4,9,25,0,7,6,3,8,3,17,1,5,5,7,10,0,6,47,11,2,13,12,10,8,4,4,5,1,2,25,6,1,4,7,4,2,6,8,3,1,9,18,4,11,19,72,0,2,5,13,35,2,0,16,3,2,20,1,10,17,4,7,5,3,2,52,14,4,5,2,0,20,30,8,29,9,36,34,17
Layer60,12,0,8,0,0,0,3,10,0,23,11,0,0,2,5,3,0,3,24,4,7,26,4,23,5,10,28,0,3,9,12,1,0,46,1,87,3,11,4,3,17,0,24,1,4,3,1,1,18,10,9,26,0,6,2,23,3,4,136,25,3,6,0,2,24,14,6,23,39,1,0,36,1,26,1,0,3,2,49,0,2,17,8,12,6,17,0,15,8,0,7,3,8,0,9,9,2,0,14,21,4,3,1,1,4,37,86,10,2,3,7,8,5,36,19,9,24,18,23,29,6,5,1,4,26,13,4,13,4,1,0,38,2,1,0,0,0,2,79,7,5,28,0,19,17,37,3,11,2,26,24,16,3,4,1,22,4,12,16,1,37,5,0,7,9,1,0,28,17,17,5,0,0,0,6,9,19,2,19,4,13,19,12,40,33,0,13,0,1,13,11,69,2,1,3,0,15,7,0,3,2,7,1,1,9,0,9,1,2,8,0,4,12,4,3,12,3,1,2,9,35,2,6,2,0,33,9,9,14,0,1,58,13,30,46,4,15,16,70,1,3,2,31,8,68,4,23,9,2,4,5,11,9,21,4,6
