decoder阶段,专家0,专家1,专家2,专家3,专家4,专家5,专家6,专家7,专家8,专家9,专家10,专家11,专家12,专家13,专家14,专家15,专家16,专家17,专家18,专家19,专家20,专家21,专家22,专家23,专家24,专家25,专家26,专家27,专家28,专家29,专家30,专家31,专家32,专家33,专家34,专家35,专家36,专家37,专家38,专家39,专家40,专家41,专家42,专家43,专家44,专家45,专家46,专家47,专家48,专家49,专家50,专家51,专家52,专家53,专家54,专家55,专家56,专家57,专家58,专家59,专家60,专家61,专家62,专家63,专家64,专家65,专家66,专家67,专家68,专家69,专家70,专家71,专家72,专家73,专家74,专家75,专家76,专家77,专家78,专家79,专家80,专家81,专家82,专家83,专家84,专家85,专家86,专家87,专家88,专家89,专家90,专家91,专家92,专家93,专家94,专家95,专家96,专家97,专家98,专家99,专家100,专家101,专家102,专家103,专家104,专家105,专家106,专家107,专家108,专家109,专家110,专家111,专家112,专家113,专家114,专家115,专家116,专家117,专家118,专家119,专家120,专家121,专家122,专家123,专家124,专家125,专家126,专家127,专家128,专家129,专家130,专家131,专家132,专家133,专家134,专家135,专家136,专家137,专家138,专家139,专家140,专家141,专家142,专家143,专家144,专家145,专家146,专家147,专家148,专家149,专家150,专家151,专家152,专家153,专家154,专家155,专家156,专家157,专家158,专家159,专家160,专家161,专家162,专家163,专家164,专家165,专家166,专家167,专家168,专家169,专家170,专家171,专家172,专家173,专家174,专家175,专家176,专家177,专家178,专家179,专家180,专家181,专家182,专家183,专家184,专家185,专家186,专家187,专家188,专家189,专家190,专家191,专家192,专家193,专家194,专家195,专家196,专家197,专家198,专家199,专家200,专家201,专家202,专家203,专家204,专家205,专家206,专家207,专家208,专家209,专家210,专家211,专家212,专家213,专家214,专家215,专家216,专家217,专家218,专家219,专家220,专家221,专家222,专家223,专家224,专家225,专家226,专家227,专家228,专家229,专家230,专家231,专家232,专家233,专家234,专家235,专家236,专家237,专家238,专家239,专家240,专家241,专家242,专家243,专家244,专家245,专家246,专家247,专家248,专家249,专家250,专家251,专家252,专家253,专家254,专家255
Layer3,434,479,408,545,735,674,441,408,793,462,511,1029,583,590,467,1013,501,384,1100,237,493,179,339,471,381,268,574,326,855,1183,354,709,459,262,1244,699,1015,471,354,856,656,750,828,731,635,920,934,342,488,574,535,371,396,484,440,640,561,387,437,624,721,631,382,375,898,218,259,471,867,703,412,407,232,197,382,879,506,435,699,1231,622,305,561,528,506,241,635,440,692,633,423,413,785,551,639,525,625,773,637,401,751,844,544,522,527,597,517,905,284,598,518,702,1367,673,476,915,1288,786,594,972,299,671,200,535,599,707,669,505,964,270,475,383,383,1145,706,167,582,321,1108,415,729,685,369,722,693,296,556,624,429,1251,775,485,760,869,591,786,445,395,459,292,995,169,645,1372,312,325,342,1008,491,493,557,493,433,563,798,600,549,506,585,432,337,411,310,584,238,638,493,304,350,579,493,394,893,416,822,677,630,784,271,416,430,1116,349,446,751,225,531,585,557,792,663,579,312,305,1420,623,401,430,551,389,1077,705,620,555,489,505,915,390,324,166,851,548,378,784,732,1737,669,589,509,229,594,269,1412,362,300,600,276,548,799,612,348,203,566,584,518,696
Layer4,353,401,729,256,696,79,676,328,224,367,439,579,271,340,601,241,770,773,949,549,252,513,270,996,224,731,367,970,897,1026,466,1058,933,275,574,886,328,432,382,408,797,856,479,741,524,523,839,398,980,1178,952,394,974,620,501,412,276,527,504,824,294,1190,602,824,575,326,744,831,387,505,446,1406,324,753,486,619,598,652,395,346,564,960,480,922,1073,903,317,499,763,137,712,606,544,750,676,636,321,775,814,604,433,761,422,746,799,212,568,162,732,476,567,1202,431,623,691,354,372,375,742,578,628,467,678,959,295,1180,672,833,836,238,1010,120,925,289,548,215,480,315,574,630,31,642,339,385,448,196,309,198,1103,436,368,624,170,412,402,306,654,133,711,527,327,734,377,207,463,579,575,241,728,632,789,801,1358,720,619,693,666,359,737,949,671,470,477,1278,679,2032,581,784,163,759,539,599,193,1148,399,692,619,416,387,624,352,819,903,240,1027,548,182,268,202,102,1186,235,746,212,492,581,459,386,559,209,353,643,396,438,420,725,718,336,961,325,457,726,504,130,612,705,409,319,441,1634,395,616,955,466,862,273,544,732,1069,351,312,555,1652,367,617,587
Layer5,268,578,647,636,957,415,597,574,765,630,459,469,479,363,218,458,441,71,248,890,301,221,170,701,459,276,463,1099,636,488,1100,254,376,624,328,514,1413,796,601,473,739,322,892,522,434,438,566,1034,1026,498,864,1335,221,769,121,252,563,241,449,567,274,1741,95,438,391,653,861,369,936,746,225,235,235,257,363,641,550,374,765,1244,293,954,293,868,549,540,324,400,474,569,680,773,547,363,385,772,132,971,423,722,182,287,1135,315,436,374,580,497,707,813,757,492,268,893,663,731,945,913,770,341,208,299,414,1107,534,1256,610,190,192,589,575,613,279,228,368,899,1160,428,739,1375,818,781,154,251,1047,241,1161,764,902,1246,573,1325,355,824,837,243,273,1198,489,707,808,650,432,522,311,1021,166,174,897,538,534,1260,83,703,497,1141,378,401,578,369,236,513,473,414,1034,521,559,1493,224,267,177,370,874,921,410,589,699,181,226,631,468,349,321,1004,2682,437,1055,229,542,290,480,210,701,560,1286,1070,933,471,478,742,488,1990,544,450,511,520,804,236,821,468,136,762,829,257,707,535,274,574,552,629,175,510,116,106,813,409,236,419,332,257,915,529,515,407,192,490
Layer6,524,730,411,1432,473,485,769,747,195,420,264,123,525,972,160,306,784,1196,820,255,933,452,742,565,513,921,640,469,722,493,270,582,789,1486,393,1641,614,160,740,818,995,368,281,620,241,1439,359,402,109,961,665,344,396,505,188,294,217,518,721,672,467,309,532,311,369,323,87,307,1673,554,386,1515,292,1252,527,569,789,313,697,163,777,800,508,625,323,341,499,823,555,397,162,547,1837,501,266,216,234,472,2299,436,569,1173,160,558,887,577,714,487,844,1020,350,976,1283,194,780,1095,769,164,310,310,509,1144,702,1151,2308,414,543,897,626,256,595,201,847,250,464,483,500,795,1474,316,775,771,127,646,677,574,674,319,538,436,585,2000,788,212,287,320,249,322,354,525,360,1127,410,274,392,211,556,410,312,888,163,537,749,486,756,276,696,826,582,142,196,324,392,206,440,437,332,392,868,293,252,185,426,334,361,447,651,679,936,600,505,439,958,1032,687,504,517,360,986,1251,401,376,479,509,695,483,575,585,578,276,572,1267,425,599,238,398,63,772,521,320,497,387,466,554,1071,338,171,218,279,699,479,504,531,807,596,392,1054,780,491,288,581,928,399,646,700,289
Layer7,333,844,217,398,542,332,419,354,656,637,588,265,623,450,600,272,592,616,493,363,610,1049,543,496,708,583,694,563,760,399,1041,705,563,593,2972,810,1681,666,1248,428,202,2441,728,1143,493,2527,669,706,228,2346,643,482,682,896,721,715,280,192,929,446,554,152,307,373,1658,403,206,1102,330,260,536,200,621,1046,849,583,720,1023,245,1014,432,444,412,1005,524,75,385,1427,336,396,719,661,632,467,529,633,280,838,452,597,331,369,361,500,470,545,556,451,511,1912,428,417,274,549,401,406,1361,783,819,872,785,730,398,514,223,59,268,770,503,192,425,586,490,317,772,436,380,321,44,535,361,501,382,6,802,584,580,456,879,286,984,473,795,47,264,636,477,345,413,534,236,341,430,727,673,732,387,312,407,578,485,948,418,334,110,880,403,429,187,498,284,818,689,125,176,318,638,339,615,788,382,159,626,385,630,1115,519,521,167,437,212,186,251,401,792,143,444,989,476,127,477,719,965,192,343,334,620,493,267,377,541,207,617,794,941,393,544,545,321,465,309,769,603,912,1533,885,645,257,403,311,411,740,871,790,752,722,317,448,633,883,798,518,786,849,595,544
Layer8,305,725,1279,398,2712,375,305,354,782,1064,659,411,337,10,462,1365,539,308,1510,524,628,269,1064,952,641,733,852,496,764,411,807,313,396,778,421,792,350,646,937,545,14,276,313,476,850,765,273,467,513,339,505,310,429,509,330,363,719,856,345,632,392,861,449,303,267,518,589,20,137,704,267,35,275,816,173,1281,1597,1077,302,614,766,746,563,646,772,437,1203,628,640,536,569,1028,215,171,1216,247,479,856,417,287,489,94,234,513,756,1117,401,563,145,657,224,1593,633,950,502,317,485,724,368,713,395,461,66,357,471,693,615,286,146,146,468,311,657,191,293,358,854,648,506,414,335,1113,258,203,112,455,871,357,175,538,153,37,130,860,470,357,773,507,504,239,1374,1007,263,536,617,344,524,271,1089,359,392,723,381,110,648,491,878,395,945,584,486,262,419,434,154,436,766,113,418,279,398,821,417,219,517,333,1284,609,437,221,279,473,1560,875,337,160,213,518,272,524,571,361,288,442,195,641,620,636,331,262,789,593,785,499,215,566,317,3125,322,452,930,423,180,179,439,377,436,482,816,518,3625,610,580,2891,239,790,614,652,479,1315,264,848,734,591,2599,1527
Layer9,391,1550,893,356,259,1291,348,523,587,834,444,269,800,136,463,112,382,945,924,767,379,259,1143,260,780,553,584,300,723,1524,921,8590,257,377,74,236,403,457,289,250,702,492,247,747,447,384,262,17,404,604,508,1001,218,361,493,607,404,805,58,148,551,783,148,90,111,374,428,1001,442,531,389,581,323,503,1242,158,437,619,613,671,681,267,598,255,324,235,742,772,149,41,397,521,295,839,283,819,594,543,522,634,82,188,489,1064,240,409,36,1381,315,405,1701,17,1255,447,615,455,757,1087,1028,193,332,660,838,781,238,297,1750,299,423,667,491,527,313,613,255,716,138,595,294,470,1107,844,1047,8,1054,1764,343,128,456,275,295,407,836,265,406,804,899,508,94,406,440,581,250,765,607,308,65,626,286,469,2549,376,252,592,633,94,223,224,407,525,369,272,1009,468,457,579,314,1145,244,526,1569,2480,427,565,738,346,881,1093,352,79,85,433,347,795,917,791,651,74,2163,287,197,403,525,331,473,836,466,1003,681,286,381,633,440,252,229,317,359,650,1340,210,2590,248,381,402,362,344,366,853,365,245,503,374,1182,435,180,337,748,707,637,342,172,402,374,1471,487,74
Layer10,185,627,568,808,710,345,495,434,292,317,265,585,2648,800,726,262,693,248,865,274,224,77,288,811,478,900,268,600,388,848,1043,757,1531,833,426,1381,1333,256,833,672,345,999,695,649,1827,674,457,474,524,1390,508,783,516,657,697,1064,569,549,1068,459,266,342,973,274,565,760,155,449,186,669,611,747,385,868,217,612,393,412,968,1584,410,340,378,162,480,308,250,711,267,1069,536,358,656,1071,321,653,106,385,1060,405,724,489,640,682,1107,300,373,178,821,229,596,1050,387,72,52,236,1186,572,784,624,721,423,352,589,675,404,934,729,838,245,194,488,428,357,355,471,864,193,317,415,575,420,337,867,182,739,761,1182,437,1291,1792,315,697,771,596,531,23,319,740,711,337,393,2673,208,495,365,315,511,391,275,237,595,427,748,595,401,680,479,847,254,14,256,480,710,291,331,482,88,425,811,664,642,451,423,843,1149,831,394,410,222,370,947,302,763,264,395,380,490,718,567,700,887,480,170,800,506,345,337,433,357,183,390,458,329,874,438,1267,1444,291,516,384,201,1041,604,339,667,511,477,508,511,563,981,332,985,581,518,186,212,1276,749,469,180,475,831,168,1143
Layer11,486,403,349,159,464,658,720,523,571,166,453,287,239,253,49,668,609,476,492,588,957,307,343,1354,396,436,1962,428,800,230,503,600,388,382,227,448,502,379,874,1436,616,314,385,451,570,290,183,509,596,349,667,1144,516,366,493,222,503,335,1208,131,790,469,457,920,373,271,233,894,604,765,568,361,1336,249,545,1520,1102,1186,2288,714,939,330,489,892,607,462,407,1286,663,528,609,227,752,527,908,609,719,534,976,616,508,844,188,536,317,136,409,587,572,521,188,159,911,903,968,309,516,299,512,553,414,391,730,194,377,285,581,239,1173,469,436,1070,130,308,213,1072,370,355,687,451,492,482,929,301,178,439,698,225,984,435,352,460,806,4,156,717,468,313,603,165,400,1380,325,160,475,943,300,363,449,816,313,478,343,1200,432,508,913,732,457,1642,733,420,363,468,541,406,397,505,467,313,637,37,772,293,707,479,1075,534,443,706,607,523,146,632,789,578,986,343,533,365,573,339,481,259,285,349,414,328,889,494,963,189,452,466,901,516,507,468,1254,380,1319,359,332,970,686,829,163,267,439,776,862,464,877,568,452,1484,824,514,439,1300,216,886,1255,1480,619,2636
Layer12,408,376,754,327,696,334,202,1180,612,573,1001,354,339,763,200,328,677,820,291,588,161,999,457,349,378,645,428,795,429,829,189,797,603,1324,460,477,865,388,661,440,837,794,304,827,576,1230,420,410,362,372,1268,1292,445,639,228,426,345,200,575,332,2026,486,380,513,528,1468,712,559,254,465,499,244,321,1758,615,643,332,117,708,625,1222,1365,454,79,958,577,392,317,614,1440,851,752,488,376,547,133,402,782,508,402,906,299,331,508,1291,679,456,712,182,521,291,690,443,1690,798,937,554,179,643,846,397,518,1661,370,123,474,402,3,253,346,396,544,301,272,363,532,349,653,610,490,330,204,797,666,227,1215,256,725,394,465,155,2182,490,374,2218,279,236,710,1245,516,331,474,113,712,693,1105,1033,319,637,220,550,238,223,633,558,270,195,245,777,372,657,358,517,332,916,394,1189,313,404,1084,132,345,280,530,850,987,1059,881,1203,858,164,1367,604,618,945,1583,377,227,648,334,171,237,723,167,858,422,250,1058,300,342,490,849,990,508,524,313,143,218,861,6,643,488,298,223,401,740,505,648,468,554,689,500,507,419,413,453,856,346,1103,416,787,469,414,488,870,206
Layer13,272,253,628,357,367,818,417,584,1081,277,341,792,756,474,608,415,374,2119,1099,405,1028,686,895,686,763,137,570,1670,473,246,297,1352,233,564,492,677,499,456,375,429,389,522,721,301,890,713,236,602,1291,264,743,455,309,495,369,468,916,679,435,135,437,433,150,338,540,397,106,559,153,678,511,521,799,1045,19,482,530,530,471,290,217,487,466,1049,745,571,571,48,602,81,506,265,417,332,269,516,143,759,185,724,401,459,1180,275,1421,401,482,859,631,327,683,406,178,3867,460,208,600,581,512,512,681,828,12170,643,549,406,728,892,464,710,829,232,552,120,505,793,378,483,1631,428,593,656,422,130,1302,577,434,578,392,368,346,1440,404,451,295,455,245,295,49,289,753,704,357,732,441,873,266,640,308,826,1838,453,214,85,187,1281,618,568,226,1116,65,423,349,233,176,824,692,333,223,333,525,660,1104,443,570,189,364,420,592,523,518,810,344,461,172,1018,66,156,365,439,857,368,383,405,217,209,694,180,233,597,747,964,1009,612,561,142,588,344,679,367,996,452,319,535,291,216,441,177,544,903,387,468,404,771,245,271,742,187,345,195,773,308,98,380,197,473
Layer14,304,755,584,486,237,1003,408,385,661,701,630,1955,1160,625,734,783,1163,466,1583,482,316,474,535,1417,549,420,370,108,898,545,466,247,890,554,1113,563,969,301,135,310,220,589,890,824,445,269,856,736,737,454,1045,423,205,300,345,778,596,128,1021,989,605,372,428,883,1204,908,319,1254,983,798,336,476,1606,594,387,565,988,423,122,267,363,786,592,473,1100,1756,561,222,305,480,284,737,424,1181,503,210,211,637,592,744,111,255,764,1485,541,769,406,1129,950,785,1299,475,716,806,177,2112,351,471,705,1636,352,687,646,604,414,484,318,658,80,509,304,315,347,246,522,914,357,249,188,290,57,397,276,215,978,339,639,233,335,182,2876,289,202,565,109,319,293,853,246,491,212,1172,977,263,413,505,2990,397,385,250,562,443,558,413,1122,245,810,827,474,762,299,653,816,1219,332,285,554,707,479,438,441,418,849,95,1414,433,638,223,300,930,110,445,1260,354,907,983,422,311,411,313,953,931,938,627,341,463,505,226,512,577,234,629,496,42,368,374,156,289,316,110,739,504,1201,247,401,194,288,533,361,687,421,350,455,516,307,486,440,175,641,16,337,134,221,527,369,585
Layer15,1194,214,457,260,1411,1067,621,274,303,955,2254,764,527,123,470,293,1235,548,181,581,785,333,645,813,675,288,54,693,528,648,848,477,714,820,372,668,199,218,260,239,251,482,1368,491,1373,457,442,425,598,864,447,917,4255,615,512,285,492,177,663,1286,292,594,470,360,289,482,294,336,542,254,750,658,230,401,293,428,281,443,327,293,2744,303,216,781,1247,1187,748,538,297,589,446,411,462,460,543,439,114,179,1618,829,804,187,497,143,762,349,813,719,402,170,547,306,313,340,320,420,550,555,848,454,610,874,1557,34,271,681,554,948,133,176,396,912,336,666,314,732,818,590,747,713,873,607,235,335,243,1374,386,284,742,632,400,455,1068,322,332,1506,511,1145,471,496,178,851,1999,338,574,191,598,747,724,408,536,453,1015,1330,918,316,376,1456,1136,114,353,422,1163,1594,89,337,1042,830,204,364,301,959,304,384,394,272,760,10,413,170,1244,305,562,265,205,176,347,269,347,196,409,14,870,388,953,460,560,556,22,240,891,331,231,251,434,235,338,304,175,730,337,534,583,322,412,906,856,605,354,985,318,416,672,482,440,862,475,1478,640,305,445,461,1070,602,168,962
Layer16,297,207,0,902,972,3152,423,362,337,330,1886,363,956,916,659,72,364,606,269,834,349,1148,389,346,615,162,2022,306,538,410,343,883,390,1028,1250,1270,209,322,1140,337,1353,553,199,391,764,516,229,954,1025,267,411,217,621,1351,278,470,1037,528,196,228,270,449,144,590,303,130,531,481,608,303,306,494,311,92,196,450,540,1242,390,385,606,576,149,242,220,516,940,456,1250,144,745,917,374,1301,495,727,190,391,984,602,464,173,235,201,934,652,1023,917,87,614,205,912,410,729,337,280,568,167,366,178,77,305,577,321,420,1166,192,202,3317,4801,835,544,520,430,412,146,92,481,955,241,723,988,1263,1159,282,599,95,51,395,281,827,1471,517,973,464,169,245,872,662,969,571,476,272,259,463,441,581,407,538,1142,1082,469,299,923,500,2281,688,647,192,693,968,661,432,668,491,570,365,409,469,645,913,713,309,675,237,99,775,898,1275,437,888,769,388,406,122,361,546,639,294,384,548,1322,176,920,313,739,428,160,24,502,710,690,422,210,395,335,254,729,334,615,252,407,196,335,174,242,779,53,602,154,912,657,894,368,118,500,962,324,668,289,220,627,1067,161,380,796
Layer17,943,150,1129,1278,450,438,507,939,794,589,1842,392,749,198,205,359,450,142,649,829,605,318,311,757,295,1969,728,502,222,334,621,65,253,758,509,1743,365,590,1021,399,829,827,392,724,199,541,1836,1777,364,339,606,287,431,1483,662,724,165,379,695,447,530,238,880,226,216,573,321,285,299,376,550,751,3001,679,1006,909,338,350,863,406,287,639,32,1079,844,885,1220,195,261,605,2157,1042,253,799,417,928,208,1708,715,661,453,313,1093,153,506,696,883,80,521,213,441,600,677,377,210,453,386,762,276,249,431,461,281,204,299,852,478,634,1892,656,696,324,147,372,300,537,412,275,567,513,225,657,723,658,637,232,110,227,259,562,521,381,176,695,903,885,361,651,1668,478,1075,118,547,468,691,347,830,264,386,1072,787,447,931,310,191,271,540,851,644,264,249,1837,889,1328,229,423,459,877,226,858,998,162,1072,253,350,334,608,328,219,1043,212,1468,391,414,440,941,570,231,344,381,243,436,1302,169,574,1496,448,852,451,131,326,198,396,529,133,45,504,915,147,87,418,560,563,636,346,1025,280,278,808,564,308,581,449,383,1587,259,509,182,454,819,169,442,171,767,310,240
Layer18,366,1291,496,790,436,469,612,460,893,1886,404,903,739,269,373,442,352,399,2663,455,402,185,1897,1102,774,808,807,388,156,594,953,448,916,346,475,503,700,259,460,386,372,279,1023,245,519,461,774,682,552,159,777,827,1075,291,447,366,454,876,603,434,79,1565,171,201,875,812,1025,608,643,934,949,232,794,780,366,520,675,254,469,906,1077,1146,4219,750,188,633,1109,227,649,377,680,625,615,225,569,180,693,288,784,11,325,1926,664,371,353,516,770,239,316,488,2092,380,783,270,511,161,102,467,886,864,1427,690,1063,762,640,196,145,324,524,206,423,384,475,106,1891,1265,313,801,158,606,352,1422,395,510,81,156,476,380,48,522,382,317,933,113,517,242,241,423,376,598,307,377,731,532,554,365,299,918,269,510,271,800,969,158,356,671,319,230,1433,978,281,542,662,690,305,125,116,633,449,292,322,304,833,2458,285,882,50,419,214,829,388,563,1136,825,1144,902,396,171,565,486,594,475,536,447,360,493,158,226,382,205,529,787,355,295,139,510,406,1303,620,352,578,383,364,208,548,407,768,234,544,164,1137,361,712,628,353,249,211,364,593,228,337,284,431,603,752,506
Layer19,366,1518,727,524,759,293,242,1777,596,442,1777,442,1,374,386,405,267,408,658,134,914,1329,615,303,637,1197,404,1181,663,161,733,1562,551,689,291,122,541,461,772,205,420,114,176,396,1057,510,593,223,202,281,283,256,595,732,583,1354,604,552,803,790,454,138,1122,527,868,1193,393,594,400,419,203,1230,660,241,321,475,830,398,326,406,350,1153,821,526,218,755,91,951,386,750,262,631,684,277,617,473,191,720,810,344,502,432,1431,762,373,817,580,578,396,381,769,376,158,252,784,730,573,335,174,385,386,471,1081,958,37,125,324,366,845,658,390,349,900,439,709,276,575,363,537,69,297,408,944,390,153,231,542,125,252,44,280,465,955,1100,310,160,440,280,411,660,1553,612,603,1210,467,212,374,1174,390,293,141,421,2794,995,1865,742,1471,433,153,519,306,582,669,493,1991,734,260,888,1127,244,566,565,90,308,302,219,440,324,366,574,610,291,347,886,304,1659,804,295,23,611,540,187,585,443,281,1618,1223,2072,528,1185,946,720,652,757,460,870,355,340,646,770,584,185,424,347,400,564,437,189,330,484,1097,390,1621,542,445,262,634,927,938,485,360,371,341,263,528,298
Layer20,729,348,485,1747,1348,1331,1884,384,200,606,1453,1056,189,381,275,1400,200,1104,190,596,491,170,1113,1850,1089,74,992,15,374,62,576,673,173,679,591,686,810,387,502,798,697,221,872,1126,219,303,621,1341,294,234,306,840,224,969,330,485,936,668,107,245,48,137,678,378,485,318,477,260,984,2005,1101,112,291,660,698,1409,1245,957,748,342,358,476,504,381,546,430,325,379,653,484,427,582,523,508,333,536,400,580,412,353,126,662,1321,468,858,292,652,592,745,708,621,1516,358,505,208,672,676,665,1092,2825,257,773,285,1214,295,236,1302,416,773,433,559,1066,475,789,315,1322,1490,461,221,379,207,188,758,304,1470,283,349,473,867,716,1313,292,311,745,258,293,502,963,882,33,371,641,391,266,450,395,1017,722,174,927,181,965,119,76,577,633,421,567,73,280,335,184,430,286,241,317,568,598,515,487,610,453,272,348,679,479,777,326,564,596,238,219,572,1114,442,670,210,630,417,306,835,172,877,343,1214,880,423,584,467,283,534,236,554,493,225,386,426,341,324,491,161,542,1500,230,1056,602,1000,293,722,462,962,17,1223,102,329,370,116,118,516,703,304,333,839,406,718,933
Layer21,381,224,223,1376,791,758,495,713,307,624,253,842,393,291,163,485,756,230,175,207,946,1170,448,569,238,396,806,1147,409,585,348,406,646,469,458,1383,480,859,879,1570,729,463,359,452,343,878,173,700,574,810,681,276,573,127,306,662,224,149,306,413,372,780,615,945,602,889,724,663,120,1537,420,275,6154,121,93,290,550,622,1347,663,555,128,143,330,140,739,339,474,336,640,433,350,548,412,321,368,856,3,1109,147,1029,624,675,962,139,1079,380,933,168,431,187,586,832,656,973,302,459,479,550,68,555,447,26,312,682,1003,63,1369,202,676,266,211,422,182,491,363,82,410,1117,1681,495,281,886,365,319,723,631,182,547,286,1034,262,794,275,320,521,163,385,560,433,690,774,359,773,378,116,208,356,599,541,253,448,1106,698,1622,679,34,841,499,569,102,265,725,67,837,836,1009,1216,1410,985,804,513,781,1714,125,493,635,246,920,790,506,271,539,415,724,247,285,124,1998,171,683,456,1969,439,183,281,383,781,327,1018,1524,242,1155,1317,279,282,295,733,442,305,268,467,399,385,390,135,484,25,1296,223,631,327,829,1214,493,328,694,37,1189,739,703,232,476,1064,511,463
Layer22,327,313,207,106,474,505,255,191,295,290,581,334,586,1275,298,641,748,172,371,429,804,629,679,853,326,83,132,233,979,268,529,307,455,564,374,521,1236,336,413,194,580,901,247,319,395,905,2640,546,740,330,324,847,642,732,44,158,1050,519,325,375,530,90,545,239,1140,439,537,274,1212,1088,741,398,717,1843,2794,1570,562,175,192,252,1086,1680,382,322,743,682,948,1245,847,683,428,635,1105,986,307,297,176,355,194,615,364,1016,219,410,101,1888,709,593,721,384,333,484,192,1892,1008,216,809,400,765,335,591,725,360,280,1133,458,837,218,258,1405,283,151,446,38,193,227,829,504,348,759,464,509,284,465,259,462,297,391,773,827,492,343,753,1889,580,418,844,4,158,914,369,433,106,572,92,306,128,305,626,517,294,434,767,458,1155,133,359,246,644,998,489,615,89,63,687,308,272,451,441,1173,682,403,1520,358,441,363,336,12,884,428,314,134,402,432,1031,1088,265,125,114,1057,232,862,814,947,944,777,275,296,2930,421,163,508,1437,869,736,2320,616,732,359,267,325,2125,158,1132,575,184,400,112,612,921,284,415,167,727,444,400,443,205,307,555,388,1350,1257,185,523,564
Layer23,675,2223,94,460,482,529,761,329,123,312,576,2117,188,188,87,210,167,84,530,368,493,95,198,2628,50,553,1642,803,1136,1360,526,29,603,562,428,115,468,345,593,135,105,663,381,516,502,304,214,695,520,444,441,70,203,832,289,391,181,151,731,735,120,211,400,473,810,599,485,1276,1784,86,501,261,935,272,284,312,1063,762,182,888,1039,487,651,88,698,759,483,359,798,157,563,3115,337,417,469,1489,331,591,227,139,790,148,646,8654,497,71,351,429,1985,775,177,782,94,255,789,1135,1658,712,241,836,446,783,858,58,1211,538,799,8,503,2131,612,266,257,532,363,178,290,81,636,99,800,879,416,257,379,260,389,550,915,104,343,442,146,747,181,118,485,567,1063,587,289,963,122,4830,560,285,186,219,380,407,135,749,399,650,213,352,1168,65,212,248,420,354,378,555,2439,277,447,2193,540,236,447,274,192,48,745,521,488,965,1576,573,309,922,312,578,74,34,205,211,1068,712,404,374,299,230,399,186,25,478,205,198,728,138,284,223,483,537,67,505,216,657,195,449,137,512,622,428,667,366,921,250,369,405,380,159,1266,444,442,294,511,824,514,297,613,1063,1163,888
Layer24,478,455,144,275,435,435,243,643,324,690,787,63,401,220,424,654,107,1634,604,877,290,444,406,412,796,75,591,1096,1407,366,316,891,289,545,375,720,277,996,126,695,240,310,1358,21,1387,759,306,784,514,480,676,1054,745,744,2876,856,227,14959,859,245,912,643,297,528,86,495,332,253,558,262,322,361,332,1198,1115,485,240,867,455,825,980,304,580,2,1246,319,341,1065,198,848,342,436,333,67,220,258,496,409,490,439,371,159,284,587,171,215,160,209,1647,2596,382,753,202,200,260,52,5,100,117,210,493,682,47,215,207,935,362,99,277,678,924,1563,503,225,393,582,911,709,331,617,21,860,368,921,419,874,238,1063,1502,541,727,220,430,399,1137,1670,393,37,1488,237,328,347,94,533,339,667,90,325,138,531,684,201,1242,118,629,542,381,490,258,832,406,256,464,264,155,883,420,1382,519,566,942,142,468,388,78,59,110,750,78,530,40,43,108,360,383,321,349,83,128,958,303,635,321,173,340,327,147,233,458,295,193,505,197,384,205,1318,1158,805,1871,506,194,473,195,589,154,993,392,782,24,829,709,225,876,1414,678,839,488,1439,804,48,46,397,521,143,1439,386
Layer25,206,165,467,665,135,626,70,431,1263,112,1911,15,692,15,328,767,96,91,898,950,1924,1164,628,541,276,25,454,757,390,576,751,144,281,3064,511,649,366,66,710,462,846,2020,760,842,400,314,386,758,741,731,222,639,399,1041,796,1074,329,2071,91,610,962,235,338,315,520,330,1935,843,291,328,642,448,345,731,628,209,661,299,372,435,247,22,784,514,661,963,1309,154,466,412,996,1287,1787,1975,2435,1271,69,160,835,149,235,1470,499,522,396,179,33,110,601,77,75,48,293,673,13,1891,1151,341,198,363,734,48,571,68,446,16,452,948,453,474,1131,212,379,1245,934,373,181,19,1882,586,286,500,97,393,300,85,168,325,55,575,728,358,355,104,138,928,542,226,791,143,218,95,597,478,167,966,365,662,121,538,154,350,2613,279,106,219,168,173,903,770,132,532,382,581,429,1391,781,1025,240,525,322,66,495,406,3775,685,219,509,180,404,308,467,233,289,322,289,905,306,1444,1113,1307,2345,917,586,249,1251,656,1704,239,272,292,523,224,530,394,1048,960,271,272,1171,630,245,82,588,357,226,626,352,173,1135,295,516,500,130,106,432,566,39,1075,745,944,493,358,612,371,180
Layer26,642,113,519,697,452,1041,306,216,237,2040,1544,1182,604,709,1150,1360,324,305,879,756,365,30,291,411,164,1033,936,839,41,579,436,589,1225,381,131,1021,114,223,180,654,376,486,1355,336,357,421,196,324,1392,273,56,49,1720,1439,320,200,851,48,73,50,672,563,1085,947,380,115,114,550,184,270,465,209,1254,1371,219,336,286,3423,846,1694,145,784,605,589,309,203,323,1391,707,309,451,374,490,430,817,441,80,720,931,381,269,732,63,497,536,251,896,126,637,498,377,529,656,93,90,346,974,353,1472,1425,146,706,255,196,194,88,640,902,257,1497,511,358,190,20,244,180,293,161,171,619,530,377,369,863,91,19,332,357,88,27,1506,1586,342,377,739,241,94,658,351,585,307,152,328,476,180,964,732,295,451,257,607,765,598,446,594,417,553,456,260,104,659,421,395,331,153,333,559,398,558,306,584,458,405,491,1452,947,205,570,423,157,1256,327,507,1128,229,463,897,221,326,540,707,204,239,611,725,738,1432,2274,734,423,5757,369,316,793,805,1153,600,616,278,270,780,1002,92,838,2129,1022,80,376,556,2472,61,297,1248,784,277,158,455,448,199,253,522,421,203,1171,760,403
Layer27,818,455,734,167,3286,1021,420,324,261,509,362,342,296,272,735,374,459,255,220,145,494,65,196,1677,95,328,575,471,379,532,280,263,729,168,252,1556,1885,144,213,1024,162,414,1066,1177,192,3436,24,71,469,436,462,160,782,980,2160,902,231,460,73,1313,1341,501,468,634,880,260,168,480,443,942,725,422,800,3,1285,360,189,709,238,240,723,1784,395,51,84,794,56,283,495,797,102,549,302,709,735,698,176,445,486,369,238,973,278,240,24,47,285,81,443,272,3420,327,148,148,576,254,892,71,277,370,16,411,889,340,837,447,3848,794,374,544,1691,1020,934,2346,501,364,165,716,15,32,548,538,82,533,954,545,111,308,588,148,35,803,389,417,331,19,136,693,415,1165,882,502,152,613,1437,174,169,689,76,1100,283,296,657,972,507,944,476,1254,549,150,693,586,653,549,444,428,383,280,1619,508,490,2100,357,665,774,527,1386,798,1094,1063,674,99,692,430,319,396,456,378,339,82,480,282,1226,527,1564,260,173,697,222,955,373,212,705,672,809,152,299,1193,125,7,581,697,595,177,894,244,638,475,382,410,395,718,925,237,546,825,361,439,260,1002,174,466,56,337,1578,409
Layer28,221,389,398,381,3198,580,354,26,601,1054,684,203,2309,371,650,248,516,1045,1194,399,806,1737,433,745,19,322,673,82,1265,376,285,676,313,146,387,305,124,334,451,152,317,775,744,1304,141,730,882,519,118,79,528,1421,338,518,134,2537,206,206,150,713,881,332,3404,437,2792,36,707,2032,386,302,290,316,1447,489,107,384,325,1073,313,336,852,416,428,222,373,798,317,488,361,2098,584,299,318,322,934,17,486,799,271,417,152,520,537,1424,1155,473,402,389,280,352,327,2723,1174,2411,122,428,424,3015,136,1626,787,1464,63,444,264,471,551,1286,821,467,167,366,5,523,357,405,403,641,412,739,1041,276,415,1094,312,1320,120,1485,455,164,796,163,221,168,425,1111,1380,1197,103,914,295,609,1573,573,125,210,161,784,59,353,104,349,160,463,182,1278,216,208,170,287,185,347,410,218,657,1038,399,90,741,102,493,308,9,437,701,520,506,697,224,181,263,132,178,172,372,85,268,865,327,336,386,228,164,785,107,696,942,387,372,440,186,1672,28,264,173,776,161,214,453,563,339,1565,609,509,1191,268,640,175,169,384,176,297,291,52,2510,339,348,810,485,928,295,1086,473,346,401,206
Layer29,121,598,653,1476,1595,227,1910,402,723,865,458,1379,686,1165,208,1737,68,1248,373,401,33,469,60,259,455,539,108,606,135,19,386,464,2876,855,464,144,548,738,114,904,606,2144,1850,458,665,744,213,76,40,2170,116,319,102,497,617,1474,629,209,1048,975,325,533,2236,331,568,443,492,775,523,153,615,798,573,173,1430,480,598,112,322,1648,1113,33,109,342,500,1192,339,478,275,221,572,279,905,863,457,603,206,630,476,488,595,553,353,249,213,664,154,974,104,451,651,1594,757,917,296,382,783,281,631,374,436,187,404,186,280,337,546,380,49,435,716,194,199,55,234,527,219,756,553,784,582,2448,244,178,304,127,3396,689,475,244,276,602,1235,119,241,275,330,528,423,1372,683,473,265,940,191,431,80,299,514,164,92,1395,372,403,177,1022,369,478,186,524,171,471,824,253,450,625,1580,610,124,491,1507,139,410,747,24,360,287,427,97,163,232,298,470,319,93,927,387,246,1009,166,32,1454,881,761,497,21,136,299,141,645,133,214,658,142,326,268,370,1963,443,325,545,659,1566,661,563,1068,514,688,222,465,892,1255,1018,326,1192,631,351,1319,961,304,336,1709,242,585,535,724
Layer30,94,242,481,411,4453,390,419,446,498,1081,720,555,280,435,600,814,238,858,238,269,301,205,531,81,538,80,3173,96,804,278,174,276,316,653,249,567,1118,257,2945,24,567,177,518,559,279,804,718,284,327,200,631,4276,521,568,1300,1142,99,80,238,606,523,399,282,168,599,909,671,971,580,601,503,705,1777,323,448,466,660,797,325,932,816,387,216,953,1195,220,8,98,500,1202,1258,342,385,341,1350,420,199,828,205,608,1332,1140,831,516,310,1503,368,534,246,2398,1006,523,903,343,439,1029,343,961,365,113,388,712,3061,64,243,598,592,688,132,237,122,796,329,474,794,205,297,324,210,298,395,364,13,90,595,875,561,1022,464,119,581,207,767,356,429,528,158,227,254,56,131,433,1088,679,430,1529,150,282,400,406,914,206,152,204,353,434,770,147,1743,120,186,341,160,341,87,702,360,542,1637,330,422,1345,776,726,548,654,353,244,544,438,365,278,429,384,101,223,350,40,287,578,123,284,347,68,1184,969,238,534,603,124,562,290,178,175,664,206,1719,1195,630,303,440,1256,216,529,1108,193,177,948,248,736,172,1392,430,186,1462,1159,339,358,469,371,870,952,591,198,1011,547
Layer31,571,1252,291,330,556,372,247,998,113,144,167,735,347,208,134,334,24,750,237,1302,69,333,197,364,642,543,558,2087,257,515,574,467,618,41,164,271,545,1472,514,203,851,435,324,246,842,182,618,79,1842,473,52,309,1049,497,1009,990,9767,942,439,667,585,507,939,196,397,76,281,985,246,666,216,8,1470,557,357,207,299,755,252,339,136,93,281,225,1024,1704,588,1144,954,125,1337,716,18,435,514,114,701,39,153,1636,781,447,435,151,1359,727,910,346,1363,388,789,487,373,23,598,360,157,1088,534,583,573,76,228,691,773,474,109,236,1185,444,1013,419,167,680,822,272,1754,737,1053,722,793,438,340,582,1297,820,281,1309,733,58,24,255,1348,57,1433,185,141,252,290,262,579,1189,603,371,94,591,306,803,282,312,321,1264,392,467,726,945,1025,345,227,138,472,158,428,761,300,475,389,1634,433,206,656,190,559,323,168,135,1008,1278,263,357,466,318,87,301,116,2024,636,1083,398,23,111,677,855,290,476,231,201,203,1518,355,1569,311,2277,323,257,792,60,303,404,196,494,165,508,199,321,1337,543,427,722,831,73,40,1506,152,584,491,183,549,505,270,393,359,1673,347,414,397
Layer32,341,2593,731,2527,624,111,571,384,273,490,615,404,914,435,205,247,922,149,120,292,234,204,902,446,312,327,516,514,390,681,118,479,1896,208,42,2704,249,1077,642,1108,1276,252,1609,342,247,546,714,212,617,513,1292,77,1053,267,208,300,234,1052,467,581,1536,428,144,19,216,297,138,109,39,359,624,206,535,2215,124,194,174,249,849,326,3700,531,1005,435,212,1363,552,1329,437,392,792,562,788,70,481,270,772,486,278,162,429,335,855,562,321,212,360,331,328,488,684,580,1900,253,242,35,384,387,1283,293,1733,981,17,1126,348,570,181,139,832,573,54,1431,849,454,691,251,264,1231,1705,747,754,504,233,574,546,1366,644,1273,820,294,259,295,1030,353,1265,315,606,581,845,379,1667,1085,324,332,277,574,260,59,1112,1325,173,1721,507,626,295,441,170,125,360,284,414,193,492,192,467,325,324,410,349,709,362,672,337,364,496,287,283,656,410,1186,270,1535,351,974,118,1290,1182,1265,170,658,500,67,270,32,415,377,961,135,630,395,193,575,731,354,1078,116,480,630,336,104,168,116,163,549,359,484,627,458,891,449,685,1220,414,45,251,80,743,519,432,630,2689,505,191,546,370,126
Layer33,726,1205,356,268,386,246,967,381,734,449,202,494,525,522,455,276,680,898,577,389,461,569,1117,474,731,974,680,170,172,513,318,147,186,450,518,244,24,751,369,974,96,560,654,1765,423,206,149,511,1069,190,480,573,811,491,508,1367,296,164,697,512,216,323,63,103,594,222,247,814,228,156,62,1699,252,437,614,1818,460,638,140,268,674,680,640,175,1094,346,364,265,279,239,805,775,548,452,1272,292,126,309,782,478,2798,196,246,53,233,285,314,527,409,1495,650,689,158,1452,1193,974,354,195,1113,972,1611,698,650,330,551,243,280,636,451,546,1010,1007,370,249,106,764,411,267,1245,275,611,865,286,72,970,858,1209,824,327,604,95,253,70,492,212,194,148,329,383,722,471,1151,1069,1171,1124,150,699,606,140,2125,296,97,458,549,443,51,354,350,254,532,712,612,24,1782,16,1059,237,196,1206,666,140,1602,423,737,1344,454,227,416,233,570,318,1707,225,2504,708,395,92,649,410,92,876,1579,471,1325,235,624,506,1692,1305,852,878,87,818,472,1032,209,861,326,69,134,236,383,965,1069,418,853,468,416,334,621,1280,1112,243,478,880,1491,405,635,147,165,554,350,57,522,837,481
Layer34,273,1013,414,359,529,22,756,522,1111,343,957,571,645,572,192,658,366,387,98,1424,719,378,1064,434,181,128,746,225,288,296,703,358,259,1079,1244,116,21,414,403,5,188,55,800,241,490,1439,1747,546,355,179,442,326,470,405,286,385,1136,349,540,1099,10,385,242,552,287,3725,645,824,156,217,255,272,1977,1041,574,725,720,281,125,353,1670,446,916,4938,319,366,525,382,391,772,138,166,119,152,405,49,582,297,421,190,503,159,717,404,233,342,438,939,57,629,46,142,285,260,293,1159,345,824,532,132,974,106,11,40,1110,367,519,578,490,4247,276,552,279,836,254,567,477,312,545,743,2033,311,298,425,1480,488,281,374,954,428,329,704,2581,945,140,614,189,821,105,504,458,488,220,982,320,763,156,129,222,267,307,126,233,824,288,118,424,614,1518,233,91,1924,256,763,119,301,574,1000,1335,881,806,446,1323,267,1466,336,485,335,661,253,405,326,115,416,86,35,195,1309,53,121,734,905,266,51,241,307,1544,1129,448,1106,533,554,511,138,197,562,670,1199,291,676,228,547,669,445,91,3369,345,1535,641,103,1776,500,1246,226,1049,491,1314,339,517,347,2,218,322,681,210,443
Layer35,438,222,211,282,217,343,424,20,37,766,143,111,228,638,537,18,1684,377,137,167,161,63,135,986,1990,633,262,548,370,370,259,140,301,1334,326,222,215,1616,239,950,338,387,128,309,849,523,145,620,58,260,2123,2110,652,171,2024,38,416,1357,437,187,333,676,486,230,1774,569,106,136,436,851,758,321,168,1769,556,655,4449,684,452,512,72,202,249,1770,544,1637,1567,310,1598,787,18,1025,1039,212,765,97,1060,1900,923,690,158,748,267,318,796,612,1632,766,208,308,534,480,49,311,233,513,706,289,945,402,520,295,704,1330,806,671,383,136,538,119,186,45,1434,755,483,647,1475,600,1260,308,794,207,854,225,330,618,365,89,656,404,504,225,32,2173,402,1181,579,545,235,194,1031,202,196,868,844,1184,980,312,84,367,934,190,490,1698,214,951,435,263,673,533,1015,917,287,41,119,583,21,633,12,312,374,292,190,436,59,111,255,341,499,305,704,53,568,648,912,566,536,208,537,238,468,178,609,436,611,327,337,312,157,357,436,65,215,658,255,356,880,1269,369,309,740,813,223,93,4158,958,110,243,1068,666,326,201,183,1721,1407,866,759,262,634,316,379,1433,739,134,414,285
Layer36,463,197,620,666,135,943,633,746,149,209,363,278,352,649,786,381,653,390,310,147,331,744,255,5363,224,131,634,479,502,1440,479,179,1233,968,320,572,955,318,391,1292,166,632,291,29,759,272,2286,1402,360,593,243,926,163,536,744,146,356,49,123,708,115,108,570,255,505,717,1074,99,2330,2008,747,125,835,2146,718,444,353,369,383,236,93,840,816,359,404,337,201,475,706,369,2178,623,742,586,487,709,1120,1027,197,581,240,495,315,140,731,778,1792,22,1277,606,352,691,419,164,533,465,215,170,409,1098,560,1445,649,1084,1064,640,242,528,585,863,397,631,280,347,349,406,613,498,595,671,816,939,364,979,200,562,405,601,506,1217,906,441,1044,444,248,488,467,297,190,1193,367,481,712,381,397,601,643,399,252,171,301,613,388,468,988,378,162,322,480,941,536,531,153,189,388,351,1267,226,415,812,264,313,601,664,77,959,117,698,580,293,1538,131,139,1405,283,739,200,468,257,339,145,741,108,320,515,924,675,432,601,308,249,109,919,206,796,457,2212,327,868,342,1503,322,660,379,194,841,658,775,276,671,308,226,265,2329,412,458,185,531,232,1167,800,193,73,324,303,142
Layer37,362,481,1499,310,1170,191,1106,87,741,752,409,946,753,1574,422,1043,246,307,594,344,841,93,247,1044,396,136,1541,477,662,525,503,402,201,62,619,1819,657,534,22,1016,981,619,612,1032,338,73,983,48,891,677,223,64,411,451,600,329,322,698,1148,170,687,155,742,1066,729,3,722,820,1010,962,202,353,248,1010,95,972,829,1089,570,102,612,822,770,2109,580,403,139,271,81,2,120,266,185,230,473,345,801,293,84,273,174,722,159,246,78,1272,111,431,440,125,473,1208,688,295,447,777,755,635,447,474,308,392,557,146,1204,171,317,426,140,28,642,138,501,62,547,875,166,1334,503,1367,826,835,466,141,1388,447,468,284,416,469,2012,536,168,1297,645,834,254,147,209,186,343,1061,454,418,438,864,1019,139,724,561,299,192,80,2293,481,732,112,376,310,410,839,439,395,484,74,108,520,230,169,289,642,287,448,339,361,911,526,1332,2235,674,147,165,209,63,127,185,924,1246,292,436,685,175,301,415,483,402,203,478,309,615,253,112,577,703,273,687,184,657,121,215,906,1587,867,1604,574,370,757,245,369,667,421,17,97,341,148,92,228,398,874,158,761,128,12983,819,316,361
Layer38,143,233,211,106,124,104,153,92,788,339,839,170,226,177,447,67,218,443,112,614,134,459,207,195,164,1482,2682,1008,421,1295,347,417,541,411,845,247,25,325,598,874,174,320,1094,1065,221,614,462,544,354,898,635,575,598,648,379,398,84,758,1965,1212,140,187,784,269,886,2410,1100,157,1299,597,39,266,1251,129,816,275,697,379,1202,284,239,273,140,965,370,1422,503,1582,589,1346,1257,250,146,57,173,771,268,685,369,903,488,738,461,508,400,1286,321,682,242,1051,2918,212,446,193,159,206,397,7248,268,1470,97,849,553,330,479,302,180,1588,570,858,402,158,204,523,747,897,422,1284,259,577,127,525,501,340,909,95,271,263,212,425,1048,251,239,0,1240,282,426,601,857,249,727,168,669,501,285,207,1265,245,280,369,1829,53,1728,230,1527,1715,1550,1166,202,577,511,1061,591,361,862,425,338,626,294,397,339,1268,999,91,443,337,202,834,394,234,332,199,526,317,929,232,44,616,38,1473,410,1220,280,26,122,292,136,432,709,68,287,235,40,218,325,279,1191,580,54,398,253,318,1064,405,441,335,115,556,1298,707,312,697,84,172,1089,313,103,538,695,347,80,498,328,423,99,3408
Layer39,299,1927,338,436,1305,2449,914,318,1071,162,224,39,749,950,575,759,381,439,353,560,470,267,1062,1133,39,929,133,24,378,224,357,911,210,78,527,114,172,539,163,341,325,132,155,200,72,780,54,56,105,186,1269,91,454,783,224,775,22,161,53,425,875,219,346,91,921,726,684,1250,1968,1483,741,390,534,2104,1886,393,316,336,433,341,344,1027,1449,214,2132,282,1185,420,175,622,588,299,886,1037,192,2805,847,735,464,1130,335,324,264,688,775,230,500,649,256,2300,823,364,380,202,87,142,328,260,660,1310,304,532,1030,693,1105,146,1363,380,892,253,279,198,414,1049,849,941,574,487,656,497,332,298,349,727,693,887,882,227,1285,427,77,192,103,941,253,326,439,516,563,187,312,411,1078,246,279,133,69,492,403,976,236,1601,487,226,139,425,514,149,762,393,152,211,727,303,108,544,637,130,74,168,269,177,103,1256,224,640,459,677,802,1915,391,651,21,1114,343,724,1009,1654,662,58,1302,306,1986,546,745,260,683,308,290,681,76,447,347,509,835,667,456,45,235,783,347,1380,687,1260,1244,1143,496,253,366,924,868,15,611,693,240,457,158,613,681,752,1834,718,416,378,125,742
Layer40,394,824,74,97,614,188,484,235,548,815,53,537,255,87,772,627,554,114,296,264,1209,777,966,2543,100,1465,103,338,97,204,659,323,746,1829,310,974,350,437,1388,1147,435,951,747,598,807,278,1507,532,908,878,223,10,383,166,398,170,366,1435,135,439,456,4134,992,152,246,992,630,515,212,213,599,270,315,278,1521,1147,181,318,219,890,180,486,638,920,249,1146,700,186,1001,1684,634,819,105,450,1161,271,2894,360,366,1235,246,321,1902,479,770,725,989,220,781,222,756,390,287,1967,410,16,1667,489,329,906,114,433,395,669,373,769,1216,182,1267,198,38,436,877,275,179,754,211,219,305,147,200,241,382,321,729,358,89,378,98,101,589,453,115,313,181,136,409,558,464,294,1305,676,35,129,363,992,137,288,1221,819,78,312,237,836,1144,559,963,1220,5301,747,405,275,1190,268,780,901,379,575,936,197,175,157,149,270,366,1304,159,188,442,791,530,209,49,894,1717,153,139,702,1218,447,241,1281,312,262,596,761,921,934,205,512,192,414,131,131,188,1152,429,251,230,588,237,616,130,809,189,476,936,653,343,199,165,1055,53,127,496,937,155,397,507,561,540,715,310,487,437,322
Layer41,214,199,1262,428,484,33,222,654,287,128,347,667,157,427,1664,480,1161,459,1027,1260,1064,95,1032,1233,104,993,249,286,531,1627,940,160,1587,778,417,427,818,97,278,75,371,233,308,412,532,215,198,692,256,618,100,245,100,1607,606,247,350,813,110,236,628,495,478,450,156,1187,503,256,536,145,1270,266,484,626,482,1627,1378,475,274,547,146,429,373,340,699,230,777,1059,536,517,537,299,99,204,301,507,1994,268,474,209,52,1085,1405,361,1609,356,1019,373,142,341,97,173,831,541,344,288,464,1816,330,1005,764,744,2341,189,46,1281,880,504,2015,111,139,903,225,633,859,299,1462,485,94,570,415,74,259,343,168,589,533,384,599,775,285,1775,225,540,573,1826,83,91,203,1162,1054,1245,161,349,546,360,915,1014,563,591,200,508,267,237,770,882,942,57,372,955,654,331,1500,857,2124,1093,970,216,277,467,3894,1899,100,712,339,707,1024,81,230,535,462,333,332,379,211,150,408,217,796,608,553,191,1441,321,707,1765,419,1011,409,309,284,57,629,505,329,861,386,61,1428,436,285,194,265,23,1632,169,546,77,148,153,357,260,799,49,376,358,69,713,1219,125,68,426,234,1050,526,120
Layer42,574,823,1207,300,287,1634,390,411,214,398,266,301,778,756,460,1314,656,231,105,1365,488,346,393,26,206,927,202,148,1525,3311,1723,703,434,177,354,2447,145,390,371,741,424,716,640,354,199,774,339,1282,124,251,147,649,266,894,519,411,2995,319,50,82,747,384,859,405,457,3741,933,2571,614,1460,488,84,1361,584,710,69,296,547,429,351,522,464,250,464,511,289,502,1908,264,279,186,138,103,235,495,764,482,1236,635,1438,78,101,135,272,199,230,695,104,1364,396,194,98,856,142,424,189,104,872,154,205,938,40,329,954,648,935,696,963,436,546,437,374,85,265,236,103,115,218,301,232,356,396,223,107,293,520,24,1033,530,3471,429,1751,656,917,547,922,1184,673,611,196,153,230,329,129,697,315,1149,320,331,562,416,735,1713,1194,833,39,239,293,296,568,676,541,743,764,1326,788,471,302,200,2498,112,143,681,242,487,177,545,221,564,445,640,554,1462,1022,824,93,843,1670,276,989,287,331,33,204,762,177,544,932,586,99,566,189,148,374,988,61,130,180,241,622,417,877,1398,288,253,1114,157,1125,225,446,371,749,131,226,143,514,1977,70,410,558,254,94,263,487,243,373
Layer43,365,3116,1606,172,360,119,715,395,1185,104,334,883,353,529,29,1124,400,33,68,175,967,798,384,276,801,54,162,180,563,1115,502,394,98,100,93,1258,408,137,690,635,1515,232,2218,333,260,233,241,1081,351,326,210,1711,233,456,489,230,210,694,472,1375,156,365,206,26,148,1289,259,404,1178,744,1477,486,250,174,229,1029,593,321,406,260,253,119,230,388,463,326,434,1067,446,279,568,155,578,361,601,482,462,420,934,770,302,267,171,422,555,944,317,574,45,1717,325,1232,308,31,162,102,308,384,1056,808,1062,401,547,1039,1997,229,203,582,944,578,383,1288,724,93,285,363,273,799,503,126,735,69,705,302,2614,290,287,559,334,396,383,492,486,479,122,263,890,1555,1087,438,794,576,275,1332,593,368,1057,471,367,376,415,593,711,254,1000,672,353,742,730,1036,292,4988,1364,281,340,369,121,477,226,925,281,810,470,1277,520,136,406,511,258,507,476,821,138,322,387,834,347,1164,556,465,203,198,561,355,434,213,455,292,433,492,31,636,360,141,2540,721,612,542,683,868,460,1039,774,2219,567,432,943,1122,427,534,100,124,739,671,341,269,850,20,892,394,841,118,526,1260,542,597
Layer44,267,405,109,236,68,428,99,498,400,206,1058,365,306,309,1110,90,579,191,385,95,920,481,265,640,230,942,2076,251,859,559,354,335,140,317,364,1835,990,1825,561,226,637,50,817,1011,518,301,823,84,653,147,77,65,39,321,441,90,733,298,195,181,347,2612,1859,1041,872,375,18,461,990,592,148,111,2161,1807,1510,463,455,130,712,93,1423,3707,373,1008,89,402,208,161,136,391,1585,1796,140,409,98,413,269,691,222,854,802,1452,758,1139,563,396,193,175,100,541,292,192,228,1154,387,124,1154,553,175,276,159,885,1227,565,190,403,336,131,528,508,689,1763,150,951,238,276,338,109,1063,434,408,878,1254,822,140,1276,1698,282,1649,145,623,1234,520,1809,162,57,1407,657,271,678,1053,372,282,1934,775,1007,585,139,106,80,271,3,277,1548,326,312,421,464,983,200,407,241,1099,376,135,2179,401,593,531,301,1052,92,946,64,520,173,167,231,156,160,410,168,413,381,454,1082,406,566,183,48,129,201,149,491,667,682,288,312,752,610,1724,604,523,263,724,213,459,110,2140,314,528,608,2600,1098,163,899,184,190,193,298,162,263,73,1035,680,63,1012,869,1248,251,450,325,122,614,138,1128
Layer45,743,176,828,745,1290,1858,346,367,127,299,84,859,1243,119,205,225,1150,1153,193,482,101,673,527,326,277,248,872,752,139,406,89,576,1107,864,251,78,58,201,1424,467,172,2501,527,226,117,336,672,1310,119,977,880,791,265,447,649,322,708,892,1641,214,367,173,186,1018,100,429,1104,29,1002,137,514,839,680,404,348,217,1026,1447,478,83,919,1504,206,69,257,1389,259,383,229,164,170,184,274,246,168,551,62,1542,370,683,1715,550,110,507,116,435,297,21,156,458,2097,286,627,728,958,213,105,255,853,517,155,306,768,222,653,196,448,258,297,2446,1013,1860,56,97,278,419,84,322,324,618,320,281,225,428,856,3159,925,223,1411,773,1259,756,460,128,672,214,2741,432,519,82,248,353,264,171,552,85,169,10,495,230,630,389,97,1167,614,447,640,248,542,477,94,269,8490,122,30,372,785,218,516,41,520,436,370,353,193,576,359,1129,623,149,407,228,912,637,163,421,477,1252,96,254,113,306,619,252,425,1227,544,130,350,519,319,453,655,394,347,708,726,287,965,1610,1219,197,772,855,124,259,492,318,1579,1147,417,477,109,739,864,239,225,445,443,849,853,346,1310,801,490,746
Layer46,958,1401,1094,338,230,316,166,628,685,1123,1568,1059,434,67,363,123,231,503,441,446,315,595,117,626,708,475,492,3309,508,773,424,509,1100,731,197,1077,1163,360,294,417,408,248,131,461,59,239,103,219,409,810,181,1076,301,264,83,300,440,144,3005,1459,203,559,166,377,1049,562,1084,553,439,1151,525,204,422,77,317,84,833,470,506,30,671,538,337,2109,393,1144,561,388,640,67,425,589,629,189,566,677,568,724,527,325,165,295,225,195,146,578,225,279,114,188,488,333,394,519,204,232,65,349,147,491,671,154,317,676,62,301,30,1170,1024,794,410,129,96,1864,191,450,411,84,896,611,264,40,67,625,684,1133,1923,134,701,813,48,413,486,317,420,1198,165,106,428,1282,563,1435,718,423,361,3503,988,198,239,290,210,384,127,326,432,13,156,1105,1132,393,1897,2540,129,118,922,212,571,895,330,327,2169,149,237,2912,484,486,44,659,963,1753,750,28,572,596,47,375,249,606,515,168,959,334,43,315,516,772,191,465,854,432,360,135,230,194,70,789,520,1672,918,523,839,397,847,108,272,1421,133,614,766,779,524,136,492,1231,797,497,847,1831,678,1070,312,376,559,291,581,2185
Layer47,1591,312,824,237,642,563,171,2081,106,521,58,824,1417,307,705,167,103,127,705,883,514,545,125,1520,72,330,854,341,1752,860,1208,1555,834,210,52,819,357,705,375,273,633,497,578,720,401,118,244,657,427,275,332,711,473,99,270,152,253,317,250,334,189,605,205,198,1503,740,434,1051,619,1383,425,200,1253,531,256,240,917,340,3365,787,294,432,332,932,290,748,1489,309,480,691,317,672,61,951,397,577,216,549,124,237,400,1038,1017,567,64,155,359,389,312,224,116,181,141,997,317,993,293,533,5,1713,417,598,314,553,484,335,1606,381,1188,487,1703,952,1165,603,449,1071,257,797,293,266,551,126,1245,392,166,172,505,66,296,224,266,343,384,1208,1882,341,759,171,536,310,992,810,275,321,1353,570,63,316,99,318,1458,463,913,2080,539,1505,335,2001,404,74,395,1688,499,1735,158,568,423,508,148,148,355,397,636,173,599,214,504,664,596,275,536,125,895,181,338,415,200,20,379,1010,512,789,632,777,367,1903,528,668,23,143,784,476,228,358,902,630,738,761,44,495,563,595,253,684,865,1507,509,342,117,356,652,5,732,854,134,187,958,515,244,1415,631,251,1024,1101,686,166
Layer48,1220,746,495,869,374,635,720,150,181,78,775,370,626,1250,726,594,2432,721,221,1556,193,328,1237,358,1082,1674,383,537,1233,12,35,275,346,206,317,125,691,1203,577,222,275,499,319,4357,316,3854,168,178,750,205,128,145,103,707,277,923,66,756,173,161,220,367,55,157,2915,394,603,1083,457,450,1014,845,232,403,1023,210,841,638,274,631,1523,599,668,353,343,1009,98,243,234,498,594,313,607,245,304,631,444,612,36,433,84,451,126,785,713,2606,1734,392,289,266,383,1184,338,61,86,214,640,755,2038,2131,667,115,666,1207,1360,495,211,305,807,1401,1593,663,141,376,332,220,697,994,380,513,376,1174,372,221,45,222,125,190,357,220,443,285,223,846,211,131,265,589,1125,323,539,185,1018,353,104,114,1033,866,128,30,470,2804,129,533,264,2150,554,1074,508,43,769,120,309,417,122,726,475,505,238,601,294,1032,590,510,318,434,143,997,495,25,20,100,230,191,1444,862,1132,515,498,785,236,22,392,596,1610,1008,286,377,217,944,134,126,471,585,164,655,627,172,577,183,548,181,488,370,44,542,363,414,835,310,620,545,432,1004,1323,291,329,410,284,574,119,681,787,757,268,585
Layer49,203,235,164,2216,528,376,2067,71,436,697,1135,394,193,1040,509,783,1097,371,36,306,273,667,357,409,419,151,266,767,436,453,629,472,317,1594,304,496,494,694,501,405,447,741,541,671,75,1910,115,840,531,309,620,1248,909,159,113,345,432,212,609,1013,646,321,407,860,622,260,278,259,184,1821,1179,229,205,534,164,204,147,479,497,265,245,895,760,124,250,314,22,816,175,160,116,213,250,44,247,115,1128,290,907,850,406,924,331,1941,241,1245,171,382,669,836,820,177,443,909,724,121,645,288,381,805,229,104,440,1056,189,575,391,2840,511,201,35,211,136,159,513,296,572,1042,115,141,127,314,145,366,1162,307,602,245,762,96,1078,208,118,573,1576,122,286,722,204,49,315,460,578,1925,354,451,1041,541,275,168,467,797,635,121,421,286,482,351,465,199,585,1218,829,330,264,686,611,124,548,332,565,257,1401,2377,115,714,270,120,1088,329,97,244,109,1030,1562,482,181,515,540,745,94,1321,847,73,76,330,557,206,875,369,1550,1418,363,155,579,967,300,1252,379,1797,328,337,85,1318,640,1319,369,1509,1046,358,426,634,39,443,13,338,507,581,271,2452,1009,6730,1386,408,725,237
Layer50,276,319,1131,835,609,602,183,382,118,233,65,351,193,570,253,337,222,937,177,510,872,184,731,247,144,758,135,519,72,2042,623,2322,476,307,205,59,111,698,1024,145,152,97,157,377,301,414,181,623,293,132,196,210,1246,122,49,208,821,277,690,104,455,208,225,47,601,142,1162,971,235,546,709,2432,276,722,908,736,405,766,393,2676,1351,414,52,850,681,130,391,229,955,567,486,890,175,141,837,2382,413,314,250,1733,251,664,393,540,368,502,536,404,263,1086,1295,393,435,244,320,139,753,13,244,386,182,223,1470,747,414,867,454,156,532,270,115,404,370,321,1232,450,2244,184,989,2313,1232,827,489,1309,104,845,1099,690,250,265,38,202,564,365,711,337,660,1244,344,231,1047,710,448,308,806,781,980,1424,393,40,150,68,49,95,262,1725,1112,1606,1027,1498,450,298,313,257,796,372,943,1144,433,374,264,85,556,955,1713,172,776,901,718,421,163,1218,124,1055,545,263,189,371,567,281,1680,1834,1995,326,330,674,368,301,894,923,1056,380,51,1040,167,724,791,405,363,77,601,724,525,48,287,251,1430,759,1131,431,697,22,156,218,201,158,1251,309,535,509,335,1321,356,965,546,330
Layer51,662,640,641,89,82,139,255,149,530,1540,403,747,283,218,261,658,84,428,557,254,399,2411,511,955,824,185,1245,1287,366,39,287,311,1269,882,122,373,389,496,716,498,363,316,53,527,351,1542,1065,1061,757,869,315,184,264,139,453,623,98,125,618,753,17,275,479,544,227,427,824,285,259,334,269,537,977,993,410,330,662,838,1898,1410,606,95,322,270,268,162,1377,157,423,343,969,252,677,394,1635,1783,166,330,720,1242,535,373,641,2538,700,1151,543,334,518,1198,1022,949,389,193,83,422,774,719,493,411,868,334,231,133,1235,393,203,185,441,1035,118,311,32,899,479,301,82,1524,502,218,1415,1352,218,1059,1134,358,707,127,215,452,15,168,31,664,374,100,871,921,1555,353,519,294,1770,1041,780,460,383,161,222,234,368,491,167,670,200,761,638,418,1020,147,572,496,559,299,351,348,1315,611,124,185,773,33,1406,1042,454,74,487,408,234,361,69,694,1619,1212,492,212,244,485,1252,1805,549,3066,191,210,389,275,1719,327,218,881,349,853,995,474,1003,316,104,276,312,429,420,1260,93,565,353,157,78,456,581,310,707,580,1038,71,357,445,1344,326,102,558,979,930,2421,285,178,240
Layer52,217,508,928,1414,555,287,38,136,354,201,1266,644,1859,551,653,632,91,631,602,142,959,203,170,709,245,150,677,98,834,1295,113,476,184,592,1496,183,21,507,1384,877,61,228,398,679,260,578,306,327,1691,487,519,649,616,66,77,1154,939,341,916,470,817,107,310,939,851,429,370,562,382,915,406,2428,630,446,478,450,389,174,775,278,115,768,332,239,689,167,53,774,635,230,1042,277,712,650,80,1073,965,585,1194,268,136,287,54,786,1290,193,670,335,229,963,485,956,199,194,318,590,484,590,313,2243,602,509,4,1266,78,199,438,166,291,122,288,210,169,164,612,496,711,110,267,830,381,122,183,69,3808,358,613,819,110,350,443,168,816,300,1053,209,190,407,643,594,998,545,670,1129,467,801,520,1033,1138,391,817,848,195,508,605,135,445,430,383,938,284,763,987,203,779,967,2121,870,494,756,692,191,538,242,237,59,281,913,26,704,457,386,167,480,1873,850,331,1269,185,209,30,466,531,401,593,929,246,191,390,2325,82,573,470,327,1379,95,179,89,1234,1265,1799,397,134,593,420,364,426,830,1177,68,2544,299,2277,151,581,645,442,212,721,481,265,627,766,704,1818,219
Layer53,128,66,122,840,1252,624,501,290,107,41,2135,563,690,650,1279,1310,310,525,172,570,135,347,29,335,1296,899,1799,2199,388,254,177,832,1687,465,792,456,455,814,307,231,1039,209,112,744,481,158,371,285,879,826,696,515,670,100,681,739,188,479,59,1185,613,307,1618,334,209,3226,173,405,99,142,1137,700,389,243,640,995,454,141,1593,623,761,65,117,75,1405,270,546,1385,68,170,806,403,1256,371,713,341,213,720,58,1453,458,72,375,295,36,175,480,58,1050,710,131,484,1159,259,685,730,703,577,756,165,362,501,597,890,273,6,668,110,345,883,126,247,263,20,629,629,222,649,187,167,313,423,444,954,864,505,511,378,201,202,712,1542,1338,801,300,97,777,1624,423,163,653,728,436,545,36,292,68,276,459,658,641,352,204,409,2020,739,512,346,915,331,1011,742,696,178,389,409,551,838,1503,83,1423,272,177,636,2071,294,645,248,278,334,562,475,190,1026,150,452,1043,349,126,2617,167,377,522,745,351,81,638,177,52,973,215,196,437,119,1748,2578,407,836,225,100,985,445,321,653,1314,1127,408,91,2309,346,31,377,292,443,761,1164,178,338,1262,312,227,368,793,273,807,790
Layer54,173,151,1678,155,337,1107,212,822,1088,87,1162,661,1743,1302,305,493,266,740,413,162,296,150,515,179,2486,910,109,345,246,303,131,471,296,186,418,855,45,649,139,1039,155,145,117,884,91,595,349,935,130,670,127,60,1480,730,208,543,890,163,137,1548,790,764,1990,142,1371,250,2345,224,953,245,755,1010,626,1084,1477,942,302,331,1236,548,685,1175,747,396,458,245,247,2561,1412,767,199,1900,106,321,1699,270,529,338,355,487,232,195,604,106,475,248,835,155,991,409,210,511,110,594,465,171,1004,125,233,735,1523,743,401,168,334,1171,276,134,199,521,256,516,1966,554,1559,257,302,1151,883,247,1108,1769,721,322,506,213,503,327,320,1811,644,221,218,747,331,193,553,1335,651,613,149,753,1697,554,235,670,154,354,497,379,265,93,14,123,451,527,186,708,117,541,1749,139,123,505,182,164,57,596,553,314,494,152,590,319,678,855,567,302,270,223,155,671,1134,100,57,223,1674,131,955,529,97,242,1156,719,537,648,143,115,1365,1412,66,559,234,492,1057,223,933,2691,266,390,1308,93,194,530,225,258,413,454,645,95,977,177,367,430,119,252,531,239,377,2050,1482,157,740,407,79,565
Layer55,932,114,701,31,333,1411,396,94,40,376,469,510,410,19,215,289,280,342,528,752,413,220,347,1186,731,98,784,664,143,1112,427,1188,271,101,312,25,65,415,449,2494,854,107,259,482,86,262,1363,493,176,387,995,523,472,517,262,717,561,60,372,625,1106,589,149,1460,168,619,105,380,183,1903,678,160,667,235,382,2614,644,383,510,480,825,91,516,1178,502,830,383,350,123,71,477,129,942,169,1668,681,498,333,1185,23,285,1730,934,652,270,418,991,692,285,555,551,1623,288,251,166,937,504,840,856,699,605,91,196,1422,1734,3549,780,148,958,590,807,189,930,440,1402,814,804,533,449,203,574,355,651,201,644,918,1036,409,275,677,1146,407,868,426,218,477,526,2589,1066,1021,423,135,930,360,1085,1363,396,211,531,723,2051,1032,730,1384,108,92,908,484,257,306,955,1843,487,68,2276,501,191,163,334,321,305,299,449,50,121,314,482,241,130,1842,380,2087,493,152,58,589,192,77,183,1437,317,330,924,72,868,436,867,455,18,658,776,578,276,195,119,208,170,432,507,652,696,631,321,179,419,556,124,147,726,209,1241,214,129,136,288,695,1,768,301,346,328,1043,247,1142,379,219
Layer56,2029,1481,379,368,426,673,291,1723,312,270,107,681,1520,371,523,700,668,652,703,547,1858,281,236,708,427,125,125,549,423,176,303,240,728,573,81,526,436,276,333,486,410,321,3031,685,542,443,206,335,709,381,255,1140,875,184,467,266,611,651,292,184,549,254,218,486,995,451,249,309,777,606,97,1642,551,957,206,1358,657,768,129,1221,163,297,792,623,314,760,313,112,42,119,317,262,334,206,92,2,24,285,144,598,1123,978,476,71,4771,49,128,677,2044,447,1525,60,373,92,949,722,815,410,620,483,1116,339,337,302,265,709,715,75,169,612,572,50,719,681,53,730,165,458,180,899,172,263,162,504,1102,677,23,1303,124,454,339,701,515,346,29,384,804,426,154,387,955,311,206,771,295,812,288,40,689,537,158,962,297,170,811,824,1232,145,975,225,228,169,1964,295,104,530,191,497,544,114,1093,386,52,75,570,770,1164,488,265,1633,1797,966,668,143,276,216,110,884,1024,1797,638,823,1350,892,751,167,263,529,481,976,598,69,92,358,255,4806,428,458,217,464,93,712,243,229,669,221,289,487,292,330,2196,173,213,56,10,800,1889,64,1655,1667,59,64,601,209,2006,1209
Layer57,400,64,386,376,424,316,715,422,156,2583,516,1187,279,134,348,284,298,1110,246,139,747,2479,1015,714,318,174,68,477,154,723,236,214,591,383,80,172,344,510,386,1134,1101,978,240,1322,673,341,365,70,129,124,127,367,206,151,337,146,221,662,1398,496,408,368,735,291,150,825,326,416,119,377,69,159,647,177,906,754,287,415,149,712,249,2052,118,213,64,768,167,99,843,283,463,252,176,281,219,221,2283,1088,142,467,613,289,604,536,603,854,515,308,110,1914,254,435,787,513,152,151,934,158,2136,417,418,740,2502,244,4091,477,4132,352,400,1647,1388,228,661,125,213,422,475,29,496,345,1091,1263,1232,409,503,259,457,1171,1000,466,393,333,570,930,799,1300,1203,893,152,315,386,130,1236,1400,211,1476,38,570,351,257,1176,1003,482,1326,768,151,401,633,301,936,1487,962,1033,265,257,469,777,415,1514,198,400,167,529,305,331,358,206,191,1949,522,469,896,807,371,446,121,70,412,769,71,43,157,470,81,474,446,1131,116,647,419,298,510,1074,300,56,469,113,416,261,846,318,386,260,217,464,106,333,249,679,726,2340,570,112,1659,311,49,286,200,498,1354,796,231,994,787,473,551
Layer58,980,158,420,571,266,555,249,186,478,457,1254,360,265,187,503,153,341,350,814,443,177,326,387,360,477,278,440,241,482,1132,1002,2285,184,103,390,46,648,221,264,628,281,2027,98,138,274,309,2162,210,306,977,218,711,769,3383,1743,436,673,1278,289,404,352,457,171,789,656,196,380,136,1201,509,432,1253,578,91,947,660,436,537,812,504,221,667,716,190,410,1438,115,1585,247,106,502,424,211,999,48,917,3686,715,495,1,1408,413,0,2453,555,1702,724,352,285,235,282,1079,472,224,78,793,971,415,991,991,316,108,190,185,338,253,563,923,608,254,334,256,465,847,511,495,410,1942,224,599,1030,241,941,183,428,100,746,574,537,1842,126,159,570,231,376,715,47,229,306,126,359,247,789,634,554,281,561,973,456,428,499,1356,324,78,1076,277,1058,1542,299,310,3166,1343,486,145,487,70,346,1288,301,1505,639,270,197,289,862,849,472,184,624,493,307,351,806,182,675,561,705,285,411,340,457,109,362,477,646,1792,650,289,792,1130,252,298,48,174,1124,499,388,46,633,851,119,441,229,332,98,867,1039,1471,109,217,771,1309,100,480,109,185,110,155,226,219,12,2124,301,644,538,926
Layer59,69,147,291,212,316,554,403,524,426,675,903,808,226,204,754,80,605,620,517,685,201,93,877,22,215,380,897,93,1268,451,511,1321,451,1404,310,1589,223,88,100,121,41,837,466,325,98,415,267,498,175,75,529,11,539,159,777,163,470,509,204,770,43,212,58,209,661,426,331,2057,203,238,432,516,122,442,756,198,261,162,193,12,139,411,50,264,290,410,105,482,123,232,936,117,235,521,652,765,205,157,1668,1091,231,1904,8223,418,367,929,108,585,164,104,1423,401,493,432,722,296,95,875,27,192,127,912,380,487,389,289,2677,2502,313,234,195,106,39,862,394,224,257,310,606,647,179,686,396,66,164,402,527,359,756,244,1042,429,378,405,446,434,2247,104,67,190,377,257,479,2331,176,314,665,40,211,985,538,908,460,272,334,337,101,487,216,1119,163,285,8576,315,237,214,1356,354,339,547,621,331,162,939,2025,1190,193,1170,339,717,286,101,183,276,136,220,951,938,377,327,416,156,370,291,970,176,866,792,367,136,341,279,912,142,2322,274,1140,1286,982,49,605,929,340,218,1107,279,1242,423,162,14,336,160,916,290,412,355,396,1578,991,2725,205,856,1627,853,2286,322
Layer60,55,5,803,10,608,6,333,420,433,670,965,288,62,108,3495,539,12,720,305,430,719,1196,259,218,407,199,2059,221,189,456,150,183,32,3881,94,1836,777,890,530,381,1374,553,1008,143,511,182,253,41,190,617,507,191,195,336,833,369,187,144,2612,1491,70,9,39,102,208,486,195,364,139,18,349,403,124,492,67,122,797,269,2456,98,204,467,449,291,303,828,65,246,121,1173,615,332,291,161,231,250,36,12,72,581,119,331,108,47,39,594,3461,323,446,241,46,266,107,1315,503,252,282,818,363,310,193,141,350,252,644,1536,386,135,586,117,244,1053,161,62,5,12,176,231,3728,816,136,1643,3,195,171,2330,595,342,327,359,113,1199,108,793,200,421,2,310,489,363,570,198,896,110,267,210,195,3634,765,239,941,96,64,17,263,402,497,9,3091,36,359,1336,960,1127,1427,177,329,140,222,325,490,710,211,142,370,140,356,138,3,327,436,359,108,537,666,791,478,0,544,1263,46,280,1364,198,328,626,1,8,204,252,266,334,102,345,182,512,259,632,558,278,260,2252,157,1698,4519,80,235,239,7795,61,289,48,4001,1951,4599,144,1562,445,61,503,294,384,337,275,74,2053
